car,time,circuit,goals_crossed,racing_line
0,9.0,0.06799999999998363,0.0,"[[1401.2729868474503, 1166.3133764670363, 1, 136.63657704161673, [0.0004031758776651825, 0.01350812142502188, 0.45107896502237504, 0.11470493164688071]], [1397.6379210847012, 1162.8802588022177, 5, 136.63657704161673, [0.08219794172736306, 0.1317697854352707, 8.75651076269652e-27, 1.0]], [1394.6542347650486, 1158.8680753635003, 5, 126.63657704161673, [0.08219794172736306, 0.1317697854352707, 8.75651076269652e-27]], [1389.2835993896738, 1151.6461451738091, 9, 126.63657704161673, [0.08219794172736306, 0.1317697854352707, 8.75651076269652e-27, 0.9999999999240838]], [1385.2486310500808, 1143.601331285441, 9, 116.63657704161673, [0.08219794172736306, 0.1317697854352707, 8.75651076269652e-27]]]"
1,9.0,0.06799999999998363,0.0,"[[1401.2729868474503, 1166.3133764670363, 1, 136.63657704161673, [5.1833005507341656e-05, 0.05613592681074965, 0.9999075143249934, 0.000948180595642469]], [1397.6379210847012, 1162.8802588022177, 5, 136.63657704161673, [0.00023105252909301472, 0.004533866613435651, 1.7263379390109215e-26, 0.9996650116450859]], [1394.6542347650486, 1158.8680753635003, 5, 126.63657704161673, [0.00023105252909301472, 0.004533866613435651, 8.2140699996436015e-25]], [1389.2835993896738, 1151.6461451738091, 9, 126.63657704161673, [0.00023105252909301472, 0.004533866613435651, 4.2100643886988954e-18, 0.9874698354094722]], [1385.2486310500808, 1143.601331285441, 9, 116.63657704161673, [0.00023105252909301472, 0.004533866613435651, 2.0031862134474406e-16]]]"
2,9.0,0.06799999999998363,0.0,"[[1401.2729868474503, 1166.3133764670363, 1, 136.63657704161673, [0.00023058793968291943, 0.24127027455300576, 0.686382465829194, 0.059927664301748236]], [1397.6379210847012, 1162.8802588022177, 5, 136.63657704161673, [2.9774015045231374e-05, 0.15063413237341394, 8.75651076269652e-27, 1.0]], [1394.6542347650486, 1158.8680753635003, 5, 126.63657704161673, [2.9774015045231374e-05, 0.15063413237341394, 8.75651076269652e-27]], [1389.2835993896738, 1151.6461451738091, 9, 126.63657704161673, [2.9774015045231374e-05, 0.15063413237341394, 8.75651076269652e-27, 0.9999999999824927]], [1385.2486310500808, 1143.601331285441, 9, 116.63657704161673, [2.9774015045231374e-05, 0.15063413237341394, 8.75651076269652e-27]]]"
3,9.0,0.06799999999998363,0.0,"[[1401.4032627360696, 1166.1975633122565, 1, 126.63657704161673, [0.0, 0.15093089488984424, 0.0052924724994134024, 0.02868411404034826]], [1398.419576416417, 1162.1853798735392, 5, 126.63657704161673, [0.0, 0.4045267819740094, 8.75651076269652e-27, 1.0]], [1396.1779273388652, 1157.7160388244458, 5, 116.63657704161673, [0.0, 0.4045267819740094, 1.6183229587817987e-26]], [1392.1429589992722, 1149.6712249360776, 9, 116.63657704161673, [0.0, 0.4045267819740094, 2.2240419336738866e-19, 0.999999999995141]], [1389.566258166667, 1141.047964948158, 9, 106.63657704161673, [0.0, 0.4045267819740094, 1.753634935428723e-07]]]"
5,9.0,0.06799999999998363,0.0,"[[1401.2729868474503, 1166.3133764670363, 1, 136.63657704161673, [0.0001507148959375197, 0.0006058684225562017, 0.9991425686938161, 0.001562753040356015]], [1397.6379210847012, 1162.8802588022177, 5, 136.63657704161673, [0.0001507118555295046, 0.0006058667718541449, 8.75651076269652e-27, 0.9999999999996545]], [1394.6542347650486, 1158.8680753635003, 5, 126.63657704161673, [0.0001507118555295046, 0.0006058667718541449, 8.75651076269652e-27]], [1389.2835993896738, 1151.6461451738091, 9, 126.63657704161673, [0.0001507118555295046, 0.0006058667718541449, 8.75651076269652e-27, 0.9999999796150112]], [1385.2486310500808, 1143.601331285441, 9, 116.63657704161673, [0.0001507118555295046, 0.0006058667718541449, 1.0052852577426351e-24]]]"
7,9.0,0.06799999999998363,0.0,"[[1401.2729868474503, 1166.3133764670363, 1, 136.63657704161673, [0.0, 0.615532164346517, 0.9999957865393068, 0.00037492651919895627]], [1397.6379210847012, 1162.8802588022177, 5, 136.63657704161673, [0.0, 0.0032137823262484637, 8.75651076269652e-27, 0.998300092803366]], [1394.6542347650486, 1158.8680753635003, 5, 126.63657704161673, [0.0, 0.0032137823262484637, 8.75651076269652e-27]], [1389.2835993896738, 1151.6461451738091, 9, 126.63657704161673, [0.0, 0.0032137823262484637, 6.163079659889129e-24, 0.9394262432808366]], [1385.2486310500808, 1143.601331285441, 9, 116.63657704161673, [0.0, 0.0032137823262484637, 7.609236518332491e-22]]]"
11,9.0,0.06799999999998363,0.0,"[[1398.364934237251, 1163.5668823351814, 5, 136.63657704161673, [2.562229685063472e-05, 0.8949370234388343, 4.5632821197266597e-07, 0.9491122468622607]], [1395.3812479175983, 1159.554698896464, 5, 126.63657704161673, [0.0035135175764348116, 0.5956743801307234, 4.1056771083901646e-05]], [1390.0106125422235, 1152.3327687067729, 9, 126.63657704161673, [6.403791948710035e-06, 0.996556686936439, 4.0594464794858914e-07, 0.9990608996923549]], [1385.9756442026305, 1144.2879548184046, 9, 116.63657704161673, [6.403791948710035e-06, 0.996556686936439, 4.0594464794858914e-07]], [1380.147356600996, 1132.6676680907617, 13, 116.63657704161673, [6.403791948710035e-06, 0.996556686936439, 4.0594464794858914e-07, 0.9990608996923549]]]"
12,9.0,0.06799999999998363,0.0,"[[1398.364934237251, 1163.5668823351814, 5, 136.63657704161673, [6.566845603339583e-05, 0.43909697487094956, 2.537273871130499e-07, 0.9836008260637695]], [1395.3812479175983, 1159.554698896464, 5, 126.63657704161673, [8.411883510527137e-06, 0.9201642609855225, 1.3887721841842586e-07]], [1390.0106125422235, 1152.3327687067729, 9, 126.63657704161673, [8.411883510527137e-06, 0.9201642609855225, 1.3887721841842586e-07, 0.9965232042739013]], [1385.9756442026305, 1144.2879548184046, 9, 116.63657704161673, [8.411883510527137e-06, 0.9201642609855225, 1.3887721841842586e-07]], [1380.147356600996, 1132.6676680907617, 13, 116.63657704161673, [8.411883510527137e-06, 0.9201642609855225, 1.3887721841842586e-07, 0.9965232042739013]]]"
13,9.0,0.06799999999998363,0.0,"[[1398.364934237251, 1163.5668823351814, 5, 136.63657704161673, [4.674090025121347e-07, 0.9150993325063096, 7.312533458076786e-07, 0.9997605840441975]], [1395.3812479175983, 1159.554698896464, 5, 126.63657704161673, [1.5236039358779675e-06, 0.9806436220922902, 7.270649985469061e-07]], [1390.0106125422235, 1152.3327687067729, 9, 126.63657704161673, [1.5236039358779675e-06, 0.9806436220922902, 7.270649985469061e-07, 0.9999897075250488]], [1385.9756442026305, 1144.2879548184046, 9, 116.63657704161673, [1.5236039358779675e-06, 0.9806436220922902, 7.270649985469061e-07]], [1380.147356600996, 1132.6676680907617, 13, 116.63657704161673, [1.5236039358779675e-06, 0.9806436220922902, 7.270649985469061e-07, 0.9999897075250488]]]"
14,9.0,0.06799999999998363,0.0,"[[1398.364934237251, 1163.5668823351814, 5, 136.63657704161673, [2.418224982676865e-05, 0.00029368939588869013, 1.049004229637512e-14, 0.01452189025281734]], [1395.3812479175983, 1159.554698896464, 5, 126.63657704161673, [0.00010052253791304131, 0.11290235840684835, 1.9904433278192227e-11]], [1390.0106125422235, 1152.3327687067729, 9, 126.63657704161673, [0.00010052253791304131, 0.11290235840684835, 1.9904433278192227e-11, 0.9999518443821676]], [1385.9756442026305, 1144.2879548184046, 9, 116.63657704161673, [0.00010052253791304131, 0.11290235840684835, 1.9904433278192227e-11]], [1380.147356600996, 1132.6676680907617, 13, 116.63657704161673, [0.00010052253791304131, 0.11290235840684835, 1.9904433278192227e-11, 0.9999518443821676]]]"
18,9.0,0.06799999999998363,0.0,"[[1398.364934237251, 1163.5668823351814, 5, 136.63657704161673, [0.0002332529006505092, 0.7535980090312548, 1.2099367458987422e-08, 0.9825509449067131]], [1395.3812479175983, 1159.554698896464, 5, 126.63657704161673, [1.3120424484165337e-05, 0.993739324538115, 8.881092589986555e-11]], [1390.0106125422235, 1152.3327687067729, 9, 126.63657704161673, [1.3120424484165337e-05, 0.993739324538115, 8.881092589986555e-11, 0.9971440450295244]], [1385.9756442026305, 1144.2879548184046, 9, 116.63657704161673, [1.3120424484165337e-05, 0.993739324538115, 8.881092589986555e-11]], [1380.147356600996, 1132.6676680907617, 13, 116.63657704161673, [1.3120424484165337e-05, 0.993739324538115, 8.881092589986555e-11, 0.9971440450295244]]]"
19,9.0,0.06799999999998363,0.0,"[[1398.364934237251, 1163.5668823351814, 5, 136.63657704161673, [4.788382611654203e-05, 0.0317303493790004, 0.0, 0.8752860279133396]], [1395.3812479175983, 1159.554698896464, 5, 126.63657704161673, [5.998971886286795e-06, 0.6369989040151972, 0.0]], [1390.0106125422235, 1152.3327687067729, 9, 126.63657704161673, [5.998971886286795e-06, 0.6369989040151972, 0.0, 0.9962487485221372]], [1385.9756442026305, 1144.2879548184046, 9, 116.63657704161673, [5.998971886286795e-06, 0.6369989040151972, 0.0]], [1380.147356600996, 1132.6676680907617, 13, 116.63657704161673, [5.998971886286795e-06, 0.6369989040151972, 0.0, 0.9962487485221372]]]"
20,9.0,0.06799999999998363,0.0,"[[1398.364934237251, 1163.5668823351814, 5, 136.63657704161673, [0.5686665814506658, 0.9185756727254701, 0.5179924554876538, 0.9999971899422441]], [1395.3812479175983, 1159.554698896464, 5, 126.63657704161673, [0.19060507328034607, 0.4416356241961309, 0.4082409537277216]], [1390.0106125422235, 1152.3327687067729, 9, 126.63657704161673, [0.1906050732803485, 0.4416356241961352, 0.4082409537277239, 0.9999999882871603]], [1385.9756442026305, 1144.2879548184046, 9, 116.63657704161673, [0.6455313266319795, 0.8950630598083666, 0.7034131960403185]], [1380.147356600996, 1132.6676680907617, 13, 116.63657704161673, [0.6455313266461956, 0.8950630598151506, 0.703413196048143, 0.999995268147559]]]"
21,9.0,0.06799999999998363,0.0,"[[1398.364934237251, 1163.5668823351814, 5, 136.63657704161673, [0.09924548410974729, 0.94479168324386, 0.019932597336056127, 0.9999999899962665]], [1395.3812479175983, 1159.554698896464, 5, 126.63657704161673, [0.479457194487619, 0.9996601911579889, 0.03646783021197839]], [1390.0106125422235, 1152.3327687067729, 9, 126.63657704161673, [0.479457194487619, 0.9996601911579889, 0.03646783021197839, 0.9999770944616989]], [1385.9756442026305, 1144.2879548184046, 9, 116.63657704161673, [0.479457194487619, 0.9996601911579889, 0.03646783021197839]], [1380.147356600996, 1132.6676680907617, 13, 116.63657704161673, [0.479457194487619, 0.9996601911579889, 0.03646783021197839, 0.9999770944616989]]]"
22,9.0,0.06799999999998363,0.0,"[[1398.364934237251, 1163.5668823351814, 5, 136.63657704161673, [0.0603003626094857, 0.7953444660952373, 0.0, 0.9999915280301036]], [1395.3812479175983, 1159.554698896464, 5, 126.63657704161673, [0.22998542025748683, 0.7941346616438258, 0.0]], [1390.0106125422235, 1152.3327687067729, 9, 126.63657704161673, [0.22998542025748697, 0.7941346616438258, 0.0, 0.9999845870075807]], [1385.9756442026305, 1144.2879548184046, 9, 116.63657704161673, [0.22998542019236085, 0.7941346616441157, 0.0]], [1380.147356600996, 1132.6676680907617, 13, 116.63657704161673, [0.01206039171813975, 0.7966440353764574, 0.0, 0.9999955585810959]]]"
23,9.0,0.06799999999998363,0.0,"[[1398.364934237251, 1163.5668823351814, 5, 136.63657704161673, [0.9226695773918054, 0.9987247995670965, 0.00013290387016911685, 0.9999880873901309]], [1395.3812479175983, 1159.554698896464, 5, 126.63657704161673, [0.6889184078543859, 0.9996386521364719, 6.918577351758372e-05]], [1390.0106125422235, 1152.3327687067729, 9, 126.63657704161673, [0.6889184078543859, 0.9996386521364719, 6.918577351758372e-05, 0.9999979532567217]], [1385.9756442026305, 1144.2879548184046, 9, 116.63657704161673, [0.6889184078543859, 0.9996386521364719, 6.918577351758372e-05]], [1380.147356600996, 1132.6676680907617, 13, 116.63657704161673, [0.6889184078543859, 0.9996386521364719, 6.918577351758372e-05, 0.9999979532567217]]]"
28,9.0,0.06799999999998363,0.0,"[[1398.364934237251, 1163.5668823351814, 5, 136.63657704161673, [0.03817744063328058, 0.9767891232381265, 0.0010036615856131672, 0.9999574989773212]], [1395.3812479175983, 1159.554698896464, 5, 126.63657704161673, [0.4075321481901746, 0.9995194990168593, 0.0005575463522612147]], [1390.0106125422235, 1152.3327687067729, 9, 126.63657704161673, [0.4075321481901746, 0.9995194990168593, 0.0005575463522612147, 0.9999474713894634]], [1385.9756442026305, 1144.2879548184046, 9, 116.63657704161673, [0.4075321481901746, 0.9995194990168593, 0.0005575463522612147]], [1380.147356600996, 1132.6676680907617, 13, 116.63657704161673, [0.4075321481901746, 0.9995194990168593, 0.0005575463522612147, 0.9999474713894634]]]"
29,9.0,0.06799999999998363,0.0,"[[1398.364934237251, 1163.5668823351814, 5, 136.63657704161673, [0.00014054229913452817, 0.004889805569935426, 0.0, 0.9999905331507573]], [1395.3812479175983, 1159.554698896464, 5, 126.63657704161673, [0.0757051655392387, 0.3266209905065201, 0.0]], [1390.0106125422235, 1152.3327687067729, 9, 126.63657704161673, [0.0757051655392387, 0.3266209905065201, 0.0, 0.9999717800272353]], [1385.9756442026305, 1144.2879548184046, 9, 116.63657704161673, [0.0757051655392387, 0.3266209905065201, 0.0]], [1380.147356600996, 1132.6676680907617, 13, 116.63657704161673, [0.0757051655392387, 0.3266209905065201, 0.0, 0.9999717800272353]]]"
15,9.0,0.09899999999998954,0.0,"[[1401.1648008855848, 1166.4500523304168, 1, 146.63657704161673, [0.09583499685961523, 0.0, 2.3763668593928517e-06, 0.0004757328265702776]], [1396.9888053135082, 1163.7003139825013, 5, 146.63657704161673, [0.1865287033879105, 0.0, 1.3753328324042587e-05, 1.0]], [1392.3987654444063, 1161.7175043597551, 5, 156.63657704161673, [0.1865287033879105, 0.0, 1.3753328324042587e-05]], [1384.1366936800227, 1158.1484470388123, 9, 156.63657704161673, [0.1865287033879105, 0.0, 1.3753328324042587e-05, 1.0]], [1375.380381050744, 1156.0683054238411, 9, 166.63657704161673, [0.1865287033879105, 0.0, 1.3753328324042587e-05]], [1362.7323739195638, 1153.0636564244385, 13, 166.63657704161673, [0.1865287033879105, 0.0, 1.3753328324042587e-05, 1.0]]]"
26,9.0,0.09899999999998954,0.0,"[[1398.364934237251, 1163.5668823351814, 5, 136.63657704161673, [0.9943511720279308, 0.9989095730630199, -0.35994051040565, 0.9994404236842287]], [1395.3812479175983, 1159.554698896464, 5, 126.63657704161673, [8.75651076269652e-27, 0.9999812068330659, -0.642164416319581, 0.601850475799522]], [1394.784510653668, 1158.7522622087206, 1, 126.63657704161673, [7.080442255243664e-13, -0.642164416319581, 0.601850475799522]], [1394.3361808381576, 1157.8583939989019, 1, 116.63657704161673, [1.4215747717227725e-12, 0.9999812068330659, -0.642164416319581, 0.601850475799522]], [1392.0945317606058, 1153.3890529498085, 5, 116.63657704161673, [1.9546697047234737e-05, 0.9989350373136091, -0.3588559361841272, 0.9994326532830542]], [1390.6630312980474, 1148.5983529565199, 5, 106.63657704161673, [0.0006373112923206567, 0.9989350373136091, -0.3588559361841272]]]"
4,9.0,0.17000000000001592,0.0,"[[1401.4032627360696, 1166.1975633122565, 1, 126.63657704161673, [0.0006106310283802645, 0.13762593264725181, 0.00012327728293197711, 3.644242968632007e-05]], [1400.8065254721391, 1165.395126624513, 1, 126.63657704161673, [0.0006345544191428708, 0.1378094852966312, 1.0, 3.5323544513743164e-05]], [1400.3581956566288, 1164.5012584146943, 1, 116.63657704161673, [0.0006345544191428708, 0.1378094852966312, 3.5323544513743164e-05]], [1399.9098658411185, 1163.6073902048756, 1, 116.63657704161673, [0.0006345544191428708, 0.1378094852966312, 0.9999999999999984, 3.5323544513743164e-05]], [1399.6235657486068, 1162.6492502062179, 1, 106.63657704161673, [0.0006345544191428708, 0.1378094852966312, 3.5323544513743164e-05]], [1399.337265656095, 1161.69111020756, 1, 106.63657704161673, [9.831353580880017e-06, 0.039583142389878596, 0.9999999999999989, 0.0010365470433082015]], [1399.2216943700182, 1160.6978110190803, 1, 96.63657704161673, [9.831353580880017e-06, 0.039583142389878596, 0.0010365470433082015]], [1399.1061230839414, 1159.7045118306005, 1, 96.63657704161673, [9.831353580880017e-06, 0.039583142389878596, 0.9999999999999558, 0.0010365470433082015]], [1399.1647921793449, 1158.706234345507, 1, 86.63657704161673, [9.831353580880017e-06, 0.039583142389878596, 0.0010365470433082015]], [1399.2234612747484, 1157.7079568604136, 1, 86.63657704161673, [9.831353580880017e-06, 0.039583142389878596, 0.99999999994108, 0.0010365470433082015]], [1399.4545881208562, 1156.735033234938, 1, 76.63657704161673, [9.831353580880017e-06, 0.039583142389878596, 0.0010365470433082015]]]"
8,9.0,0.17000000000001592,0.0,"[[1401.1648008855848, 1166.4500523304168, 1, 146.63657704161673, [0.0, 0.0, 0.0, 0.0]], [1400.2467929117645, 1166.0534904058677, 1, 156.63657704161673, [0.0, 0.0, 0.0]], [1399.273869286289, 1165.8223635597599, 1, 166.63657704161673, [0.0, 0.0, 0.0]], [1398.2755918011956, 1165.7636944643564, 1, 176.63657704161673, [0.0, 0.0, 0.0]], [1397.2822926127158, 1165.8792657504332, 1, 186.63657704161673, [0.0, 0.0, 0.0]], [1396.324152614058, 1166.165565842945, 1, 196.63657704161673, [0.0, 0.0, 0.0]], [1395.4302844042393, 1166.6138956584552, 1, 206.63657704161673, [0.0, 0.0, 0.0]], [1394.6278477164958, 1167.2106329223857, 1, 216.63657704161673, [0.0, 0.0, 0.0]], [1393.941224183532, 1167.9376460749354, 1, 226.63657704161673, [0.0, 0.0, 0.0]], [1393.391276513949, 1168.7728451893506, 1, 236.63657704161673, [0.0, 0.0, 0.0]], [1392.9947145893998, 1169.690853163171, 1, 246.63657704161673, [0.0, 0.0, 0.0]]]"
9,9.0,0.17000000000001592,0.0,"[[1401.1648008855848, 1166.4500523304168, 1, 146.63657704161673, [0.0, 0.0, 0.0, 0.0]], [1400.2467929117645, 1166.0534904058677, 1, 156.63657704161673, [0.0, 0.0, 0.0]], [1399.273869286289, 1165.8223635597599, 1, 166.63657704161673, [0.0, 0.0, 0.0]], [1398.2755918011956, 1165.7636944643564, 1, 176.63657704161673, [0.0, 0.0, 0.0]], [1397.2822926127158, 1165.8792657504332, 1, 186.63657704161673, [0.0, 0.0, 0.0]], [1396.324152614058, 1166.165565842945, 1, 196.63657704161673, [0.0, 0.0, 0.0]], [1395.4302844042393, 1166.6138956584552, 1, 206.63657704161673, [0.0, 0.0, 0.0]], [1394.6278477164958, 1167.2106329223857, 1, 216.63657704161673, [0.0, 0.0, 0.0]], [1393.941224183532, 1167.9376460749354, 1, 226.63657704161673, [0.0, 0.0, 0.0]], [1393.391276513949, 1168.7728451893506, 1, 236.63657704161673, [0.0, 0.0, 0.0]], [1392.9947145893998, 1169.690853163171, 1, 246.63657704161673, [0.0, 0.0, 0.0]]]"
16,9.0,0.17000000000001592,0.0,"[[1401.1648008855848, 1166.4500523304168, 1, 146.63657704161673, [0.0, 0.0, 0.0, 0.0]], [1400.2467929117645, 1166.0534904058677, 1, 156.63657704161673, [0.0, 0.0, 0.0]], [1399.273869286289, 1165.8223635597599, 1, 166.63657704161673, [0.0, 0.0, 0.0]], [1398.2755918011956, 1165.7636944643564, 1, 176.63657704161673, [0.0, 0.0, 0.0]], [1397.2822926127158, 1165.8792657504332, 1, 186.63657704161673, [0.0, 0.0, 0.0]], [1396.324152614058, 1166.165565842945, 1, 196.63657704161673, [0.0, 0.0, 0.0]], [1395.4302844042393, 1166.6138956584552, 1, 206.63657704161673, [0.0, 0.0, 0.0]], [1394.6278477164958, 1167.2106329223857, 1, 216.63657704161673, [0.0, 0.0, 0.0]], [1393.941224183532, 1167.9376460749354, 1, 226.63657704161673, [0.0, 0.0, 0.0]], [1393.391276513949, 1168.7728451893506, 1, 236.63657704161673, [0.0, 0.0, 0.0]], [1392.9947145893998, 1169.690853163171, 1, 246.63657704161673, [0.0, 0.0, 0.0]]]"
17,9.0,0.21699999999998454,0.0,"[[1401.1648008855848, 1166.4500523304168, 1, 146.63657704161673, [0.9929039822072905, 0.0, 1.2739525200829779e-08, 0.001407660436680325]], [1400.3296017711696, 1165.9001046608337, 1, 146.63657704161673, [0.0, 4.1056771083901646e-05, 0.935472418686032]], [1399.4115937973493, 1165.5035427362845, 1, 156.63657704161673, [0.9939139541865414, 0.0, 4.1056771083901646e-05, 0.935472418686032]], [1398.493585823529, 1165.1069808117354, 1, 156.63657704161673, [0.0, 4.1056771083901646e-05, 0.935472418686032]], [1397.5206621980535, 1164.8758539656276, 1, 166.63657704161673, [0.9939139541865414, 0.0, 4.1056771083901646e-05, 0.935472418686032]], [1396.547738572578, 1164.6447271195198, 1, 166.63657704161673, [0.0, 4.1056771083901646e-05, 0.935472418686032]], [1395.5494610874846, 1164.5860580241163, 1, 176.63657704161673, [0.9939139541865414, 0.0, 4.1056771083901646e-05, 0.935472418686032]], [1394.5511836023911, 1164.5273889287128, 1, 176.63657704161673, [0.0, 4.1056771083901646e-05, 0.935472418686032]], [1393.5578844139113, 1164.6429602147896, 1, 186.63657704161673, [0.9939139541865414, 0.0, 4.1056771083901646e-05, 0.935472418686032]], [1392.5645852254315, 1164.7585315008664, 1, 186.63657704161673, [0.0, 4.1056771083901646e-05, 0.935472418686032]], [1391.6064452267738, 1165.0448315933781, 1, 196.63657704161673, [0.9939139541865414, 0.0, 4.1056771083901646e-05, 0.935472418686032]], [1390.648305228116, 1165.3311316858899, 1, 196.63657704161673, [0.0, 4.1056771083901646e-05, 0.935472418686032]], [1389.7544370182973, 1165.7794615014002, 1, 206.63657704161673, [0.9939139541865414, 0.0, 4.1056771083901646e-05, 0.935472418686032]], [1388.8605688084785, 1166.2277913169105, 1, 206.63657704161673, [0.0, 4.1056771083901646e-05, 0.935472418686032]]]"
10,9.0,0.34899999999998954,0.0,"[[1401.2729868474503, 1166.3133764670363, 1, 136.63657704161673, [0.0, 0.003926195210997347, 0.9991037342335337, 0.015271585268196563]], [1397.6379210847012, 1162.8802588022177, 5, 136.63657704161673, [0.0, 0.9738689030254739, 0.9931782821596047, 0.9999999999999998]], [1396.9109079321515, 1162.193635269254, 1, 136.63657704161673, [0.0, 0.9738689030254739, 0.9918562916822223]], [1393.2758421694025, 1158.7605176044353, 5, 136.63657704161673, [0.0, 0.9738689030254739, 0.9918562916822223, 0.9999999999999987]], [1392.5488290168528, 1158.0738940714716, 1, 136.63657704161673, [0.0, 0.9738689030254739, 0.9902806178910216]], [1388.9137632541037, 1154.640776406653, 5, 136.63657704161673, [0.0, 0.9738689030254739, 0.9918562916822223, 0.9999999999999987]], [1388.186750101554, 1153.9541528736893, 1, 136.63657704161673, [0.0, 0.9738689030254739, 0.9884036414774086]], [1384.551684338805, 1150.5210352088707, 5, 136.63657704161673, [0.0, 0.9738689030254739, 0.9861692518151614, 0.9999999999976712]], [1383.8246711862553, 1149.834411675907, 1, 136.63657704161673, [0.0, 0.9738689030254739, 0.9884036414774086]], [1380.1896054235062, 1146.4012940110883, 5, 136.63657704161673, [0.0, 0.9738689030254739, 0.9884036414774086, 0.9999999999998057]], [1379.4625922709565, 1145.7146704781246, 1, 136.63657704161673, [0.0, 0.9738689030254739, 0.9861692518151614]], [1375.8275265082075, 1142.281552813306, 5, 136.63657704161673, [0.0, 0.9738689030254739, 0.9861692518151614, 0.9999999999976712]], [1375.1005133556578, 1141.5949292803423, 1, 136.63657704161673, [0.0, 0.9738689030254739, 0.9861692518151614]], [1371.4654475929087, 1138.1618116155237, 5, 136.63657704161673, [0.0, 0.9738689030254739, 0.983511521267651, 0.9999999999720681]], [1370.738434440359, 1137.47518808256, 1, 136.63657704161673, [0.0, 0.9738689030254739, 0.983511521267651]], [1367.10336867761, 1134.0420704177413, 5, 136.63657704161673, [0.0, 0.9738689030254739, 0.983511521267651, 0.9999999999720681]], [1366.3763555250603, 1133.3554468847776, 1, 136.63657704161673, [0.0, 0.9738689030254739, 0.9803532530872315]], [1362.7412897623112, 1129.922329219959, 5, 136.63657704161673, [0.0, 0.9738689030254739, 0.9803532530872315, 0.9999999996649982]], [1362.0142766097615, 1129.2357056869953, 1, 136.63657704161673, [0.0, 0.9738689030254739, 0.9766044281352727]], [1358.3792108470125, 1125.8025880221767, 5, 136.63657704161673, [0.0, 0.9738689030254739, 0.9766044281352727, 0.9999999959821446]], [1355.3955245273598, 1121.7904045834593, 5, 126.63657704161673, [0.0, 0.9738689030254739, 0.9721605974642054]], [1350.024889151985, 1114.5684743937682, 9, 126.63657704161673, [0.0, 0.9738689030254739, 0.9606886120129211, 0.999993068412416]]]"
24,9.0,0.4660000000000082,1.0,"[[1398.364934237251, 1163.5668823351814, 5, 136.63657704161673, [0.007529100987666695, 0.03888991753420033, 0.44415164133338764, 0.9997014014325946]], [1397.6379210847012, 1162.8802588022177, 1, 136.63657704161673, [0.0027233563855377607, 0.026043218804504987, 0.4500357587980445]], [1394.0028553219522, 1159.447141137399, 5, 136.63657704161673, [0.0027233563855377607, 0.026043218804504987, 0.4500357587980445, 0.9996992613075933]], [1393.2758421694025, 1158.7605176044353, 1, 136.63657704161673, [0.0027233563855377607, 0.026043218804504987, 0.4500357587980445]], [1389.6407764066535, 1155.3273999396167, 5, 136.63657704161673, [0.0027233563855377607, 0.026043218804504987, 0.4500357587980445, 0.9996992613075933]], [1388.9137632541037, 1154.640776406653, 1, 136.63657704161673, [0.0027233563855377607, 0.026043218804504987, 0.4500357587980445]], [1385.2786974913547, 1151.2076587418344, 5, 136.63657704161673, [0.0027233563855377607, 0.026043218804504987, 0.4500357587980445, 0.9996992613075933]], [1384.551684338805, 1150.5210352088707, 1, 136.63657704161673, [0.0027233563855377607, 0.026043218804504987, 0.4500357587980445]], [1380.916618576056, 1147.087917544052, 5, 136.63657704161673, [0.0027233563855377607, 0.026043218804504987, 0.4500357587980445, 0.9996992613075933]], [1380.1896054235062, 1146.4012940110883, 1, 136.63657704161673, [0.0027233563855377607, 0.026043218804504987, 0.4500357587980445]], [1376.5545396607572, 1142.9681763462697, 5, 136.63657704161673, [0.0027233563855377607, 0.026043218804504987, 0.4500357587980445, 0.9996992613075933]], [1375.8275265082075, 1142.281552813306, 1, 136.63657704161673, [0.0027233563855377607, 0.026043218804504987, 0.4500357587980445]], [1372.1924607454584, 1138.8484351484874, 5, 136.63657704161673, [0.0027233563855377607, 0.026043218804504987, 0.4500357587980445, 0.9996992613075933]], [1371.4654475929087, 1138.1618116155237, 1, 136.63657704161673, [0.0027233563855377607, 0.026043218804504987, 0.4500357587980445]], [1367.8303818301597, 1134.728693950705, 5, 136.63657704161673, [0.0027233563855377607, 0.026043218804504987, 0.4500357587980445, 0.9996992613075933]], [1367.10336867761, 1134.0420704177413, 1, 136.63657704161673, [0.0027233563855377607, 0.026043218804504987, 0.4500357587980445]], [1363.468302914861, 1130.6089527529227, 5, 136.63657704161673, [0.0027233563855377607, 0.026043218804504987, 0.4500357587980445, 0.9996992613075933]], [1362.7412897623112, 1129.922329219959, 1, 136.63657704161673, [0.0027233563855377607, 0.026043218804504987, 0.4500357587980445]], [1359.1062239995622, 1126.4892115551404, 5, 136.63657704161673, [0.0027233563855377607, 0.026043218804504987, 0.4500357587980445, 0.9996992613075933]], [1358.3792108470125, 1125.8025880221767, 1, 136.63657704161673, [0.0027233563855377607, 0.026043218804504987, 0.4500357587980445]], [1354.7441450842634, 1122.369470357358, 5, 136.63657704161673, [0.0027233563855377607, 0.026043218804504987, 0.4500357587980445, 0.9996992613075933]], [1354.0171319317137, 1121.6828468243943, 1, 136.63657704161673, [0.0027233563855377607, 0.026043218804504987, 0.4500357587980445]], [1350.3820661689647, 1118.2497291595757, 5, 136.63657704161673, [0.0027233563855377607, 0.026043218804504987, 0.4500357587980445, 0.9996992613075933]], [1349.655053016415, 1117.563105626612, 1, 136.63657704161673, [0.0027233563855377607, 0.026043218804504987, 0.4500357587980445]], [1346.019987253666, 1114.1299879617934, 5, 136.63657704161673, [0.0027233563855377607, 0.026043218804504987, 0.4500357587980445, 0.9996992613075933]], [1345.2929741011162, 1113.4433644288297, 1, 136.63657704161673, [0.0027233563855377607, 0.026043218804504987, 0.4500357587980445]], [1341.6579083383672, 1110.010246764011, 5, 136.63657704161673, [0.0027233563855377607, 0.026043218804504987, 0.4500357587980445, 0.9996992613075933]], [1340.9308951858175, 1109.3236232310473, 1, 136.63657704161673, [0.0027233563855377607, 0.026043218804504987, 0.4500357587980445]], [1337.2958294230684, 1105.8905055662287, 5, 136.63657704161673, [0.0027233563855377607, 0.026043218804504987, 0.4500357587980445, 0.9996992613075933]]]"
25,9.0,0.4660000000000082,1.0,"[[1398.364934237251, 1163.5668823351814, 5, 136.63657704161673, [0.0, 6.0947142522996685e-05, 0.9656736764578228, 0.9999166662614445]], [1397.6379210847012, 1162.8802588022177, 1, 136.63657704161673, [0.0, 0.00017410607408270402, 0.8873994956330907]], [1394.0028553219522, 1159.447141137399, 5, 136.63657704161673, [0.0, 0.00017410607408270402, 0.9854366861205972, 0.999727714252312]], [1393.2758421694025, 1158.7605176044353, 1, 136.63657704161673, [0.0, 0.00017410607408270402, 0.8873994956330907]], [1389.6407764066535, 1155.3273999396167, 5, 136.63657704161673, [0.0, 0.00017410607408270402, 0.9854366861205972, 0.999727714252312]], [1388.9137632541037, 1154.640776406653, 1, 136.63657704161673, [0.0, 0.00017410607408270402, 0.8873994956330907]], [1385.2786974913547, 1151.2076587418344, 5, 136.63657704161673, [0.0, 0.00017410607408270402, 0.9854366861205972, 0.999727714252312]], [1384.551684338805, 1150.5210352088707, 1, 136.63657704161673, [0.0, 0.00017410607408270402, 0.8873994956330907]], [1380.916618576056, 1147.087917544052, 5, 136.63657704161673, [0.0, 0.00017410607408270402, 0.9854366861205972, 0.999727714252312]], [1380.1896054235062, 1146.4012940110883, 1, 136.63657704161673, [0.0, 0.00017410607408270402, 0.8873994956330907]], [1376.5545396607572, 1142.9681763462697, 5, 136.63657704161673, [0.0, 0.00017410607408270402, 0.9854366861205972, 0.999727714252312]], [1375.8275265082075, 1142.281552813306, 1, 136.63657704161673, [0.0, 0.00017410607408270402, 0.8873994956330907]], [1372.1924607454584, 1138.8484351484874, 5, 136.63657704161673, [0.0, 0.00017410607408270402, 0.9854366861205972, 0.999727714252312]], [1371.4654475929087, 1138.1618116155237, 1, 136.63657704161673, [0.0, 0.00017410607408270402, 0.8873994956330907]], [1367.8303818301597, 1134.728693950705, 5, 136.63657704161673, [0.0, 0.00017410607408270402, 0.9854366861205972, 0.999727714252312]], [1367.10336867761, 1134.0420704177413, 1, 136.63657704161673, [0.0, 0.00017410607408270402, 0.8873994956330907]], [1363.468302914861, 1130.6089527529227, 5, 136.63657704161673, [0.0, 0.00017410607408270402, 0.9854366861205972, 0.999727714252312]], [1362.7412897623112, 1129.922329219959, 1, 136.63657704161673, [0.0, 0.00017410607408270402, 0.8873994956330907]], [1359.1062239995622, 1126.4892115551404, 5, 136.63657704161673, [0.0, 0.00017410607408270402, 0.9854366861205972, 0.999727714252312]], [1358.3792108470125, 1125.8025880221767, 1, 136.63657704161673, [0.0, 0.00017410607408270402, 0.8873994956330907]], [1354.7441450842634, 1122.369470357358, 5, 136.63657704161673, [0.0, 0.00017410607408270402, 0.9854366861205972, 0.999727714252312]], [1354.0171319317137, 1121.6828468243943, 1, 136.63657704161673, [0.0, 0.00017410607408270402, 0.8873994956330907]], [1350.3820661689647, 1118.2497291595757, 5, 136.63657704161673, [0.0, 0.00017410607408270402, 0.9854366861205972, 0.999727714252312]], [1349.655053016415, 1117.563105626612, 1, 136.63657704161673, [0.0, 0.00017410607408270402, 0.8873994956330907]], [1346.019987253666, 1114.1299879617934, 5, 136.63657704161673, [0.0, 0.00017410607408270402, 0.9854366861205972, 0.999727714252312]], [1345.2929741011162, 1113.4433644288297, 1, 136.63657704161673, [0.0, 0.00017410607408270402, 0.8873994956330907]], [1341.6579083383672, 1110.010246764011, 5, 136.63657704161673, [0.0, 0.00017410607408270402, 0.9854366861205972, 0.999727714252312]], [1340.9308951858175, 1109.3236232310473, 1, 136.63657704161673, [0.0, 0.00017410607408270402, 0.8873994956330907]], [1337.2958294230684, 1105.8905055662287, 5, 136.63657704161673, [0.0, 0.00017410607408270402, 0.9854366861205972, 0.999727714252312]]]"
6,9.0,0.8129999999999882,0.0,"[[1401.2729868474503, 1166.3133764670363, 1, 136.63657704161673, [0.00036740438922998277, 0.3953072897174234, 0.9272908566264747, 0.02076797220779845]], [1400.6762495835198, 1165.5109397792928, 1, 126.63657704161673, [0.00019676606872340326, 0.3952742595653504, 8.75651076269652e-27, 8.75651076269652e-27]], [1399.9492364309701, 1164.824316246329, 1, 136.63657704161673, [0.00019676606872334873, 8.75651076269652e-27, 8.75651076269652e-27]], [1399.3524991670397, 1164.0218795585856, 1, 126.63657704161673, [0.00019676606872398475, 0.39527425956535045, 8.75651076269652e-27, 8.75651076269652e-27]], [1398.62548601449, 1163.335256025622, 1, 136.63657704161673, [0.00019676606872334873, 8.75651076269652e-27, 8.75651076269652e-27]], [1398.0287487505595, 1162.5328193378784, 1, 126.63657704161673, [0.00019676606872398475, 0.39527425956535045, 8.75651076269652e-27, 8.75651076269652e-27]], [1397.3017355980098, 1161.8461958049147, 1, 136.63657704161673, [0.00019676606872334873, 8.75651076269652e-27, 6.786922137272302e-26]], [1396.7049983340794, 1161.0437591171712, 1, 126.63657704161673, [0.00019676606872342178, 0.3952742595653504, 8.75651076269652e-27, 8.75651076269652e-27]], [1395.9779851815297, 1160.3571355842075, 1, 136.63657704161673, [0.00019676606872334873, 8.75651076269652e-27, 8.75651076269652e-27]], [1395.3812479175992, 1159.554698896464, 1, 126.63657704161673, [0.0001967660687237632, 0.39527425956535045, 8.75651076269652e-27, 8.75651076269652e-27]], [1394.6542347650495, 1158.8680753635003, 1, 136.63657704161673, [0.00019676606872334873, 8.75651076269652e-27, 6.786922137272302e-26]], [1394.057497501119, 1158.0656386757569, 1, 126.63657704161673, [0.0001967660687251198, 0.3952742595653507, 8.75651076269652e-27, 8.75651076269652e-27]], [1393.3304843485694, 1157.3790151427932, 1, 136.63657704161673, [0.00019676606872334908, 8.75651076269652e-27, 6.566032959027828e-24]], [1392.733747084639, 1156.5765784550497, 1, 126.63657704161673, [0.00019676606872989828, 0.39527425956535184, 8.75651076269652e-27, 8.75651076269652e-27]], [1392.0067339320892, 1155.889954922086, 1, 136.63657704161673, [0.00019676606872334908, 8.75651076269652e-27, 6.566032959027828e-24]], [1391.4099966681588, 1155.0875182343425, 1, 126.63657704161673, [0.00019676606873689301, 0.3952742595653534, 8.75651076269652e-27, 6.786922136699255e-26]], [1390.682983515609, 1154.4008947013788, 1, 136.63657704161673, [0.00019676606872334873, 8.75651076269652e-27, 6.566032959027828e-24]], [1390.0862462516786, 1153.5984580136353, 1, 126.63657704161673, [0.00019676606872355212, 0.39527425956535045, 8.75651076269652e-27, 8.75651076269652e-27]], [1389.359233099129, 1152.9118344806716, 1, 136.63657704161673, [0.00019676606872334873, 8.75651076269652e-27, 6.352332905408294e-22]], [1388.7624958351985, 1152.1093977929281, 1, 126.63657704161673, [0.00019676606875596681, 0.39527425956535756, 8.75651076269652e-27, 6.786922135892083e-26]], [1388.0354826826488, 1151.4227742599644, 1, 136.63657704161673, [0.00019676606872334943, 8.75651076269652e-27, 6.786922137272302e-26]], [1387.4387454187183, 1150.620337572221, 1, 126.63657704161673, [0.00019676606875596681, 0.39527425956535756, 8.75651076269652e-27, 6.352332904116454e-22]], [1386.7117322661686, 1149.9337140392572, 1, 136.63657704161673, [0.00019676606872334873, 8.75651076269652e-27, 6.145587997034422e-20]], [1386.1149950022382, 1149.1312773515137, 1, 126.63657704161673, [0.00019676606872909316, 0.39527425956535156, 8.75651076269652e-27, 6.352332905180808e-22]], [1385.3879818496885, 1148.44465381855, 1, 136.63657704161673, [0.00019676606872334873, 8.75651076269652e-27, 6.145587997034422e-20]], [1384.791244585758, 1147.6422171308066, 1, 126.63657704161673, [0.00019676606872909316, 0.39527425956535156, 8.75651076269652e-27, 6.352332905180808e-22]], [1384.0642314332083, 1146.9555935978428, 1, 136.63657704161673, [0.00019676606872334873, 8.75651076269652e-27, 6.145587997034422e-20]], [1383.4674941692779, 1146.1531569100994, 1, 126.63657704161673, [0.00019676606872544094, 0.3952742595653509, 8.75651076269652e-27, 6.145587996954206e-20]], [1382.7404810167282, 1145.4665333771356, 1, 136.63657704161673, [0.00019676606872334873, 8.75651076269652e-27, 6.145587997034422e-20]], [1382.1437437527977, 1144.6640966893922, 1, 126.63657704161673, [0.0001967660687672791, 0.39527425956536005, 8.75651076269652e-27, 6.352332903668434e-22]], [1381.416730600248, 1143.9774731564285, 1, 136.63657704161673, [0.00019676606872334873, 8.75651076269652e-27, 5.945571869688677e-18]], [1380.8199933363176, 1143.175036468685, 1, 126.63657704161673, [0.00019676606872471127, 0.39527425956535067, 8.75651076269652e-27, 5.945571869638193e-18]], [1380.0929801837678, 1142.4884129357213, 1, 136.63657704161673, [0.00019676606872334908, 8.75651076269652e-27, 5.945571869688677e-18]], [1379.4962429198374, 1141.6859762479778, 1, 126.63657704161673, [0.00019676606872471127, 0.39527425956535067, 8.75651076269652e-27, 5.945571869638193e-18]], [1378.7692297672877, 1140.999352715014, 1, 136.63657704161673, [0.00019676606872334873, 8.75651076269652e-27, 5.752065526470614e-16]], [1378.1724925033573, 1140.1969160272706, 1, 126.63657704161673, [0.00019676606875643684, 0.39527425956535767, 8.75651076269652e-27, 5.945571868462112e-18]], [1377.4454793508075, 1139.510292494307, 1, 136.63657704161673, [0.00019676606872334873, 8.75651076269652e-27, 5.752065526470614e-16]], [1376.848742086877, 1138.7078558065634, 1, 126.63657704161673, [0.0001967660691758301, 0.3952742595654498, 8.75651076269652e-27, 5.9455718529153935e-18]], [1376.1217289343274, 1138.0212322735997, 1, 136.63657704161673, [0.00019676606872334873, 8.75651076269652e-27, 5.752065526470614e-16]], [1375.524991670397, 1137.2187955858562, 1, 126.63657704161673, [0.0001967660691758301, 0.3952742595654498, 8.75651076269652e-27, 5.752065510243238e-16]], [1374.7979785178472, 1136.5321720528925, 1, 136.63657704161673, [0.00019676606872334873, 8.75651076269652e-27, 5.5648570980174606e-14]], [1374.2012412539168, 1135.729735365149, 1, 126.63657704161673, [0.0001967660688030339, 0.3952742595653679, 8.75651076269652e-27, 5.752065523612881e-16]], [1373.474228101367, 1135.0431118321853, 1, 136.63657704161673, [0.00019676606872334873, 8.75651076269652e-27, 5.383741610501608e-12]], [1372.8774908374367, 1134.2406751444419, 1, 126.63657704161673, [0.0001967660688030339, 0.3952742595653679, 8.75651076269652e-27, 5.752065523612881e-16]], [1372.150477684887, 1133.5540516114781, 1, 136.63657704161673, [0.00019676606872334873, 8.75651076269652e-27, 5.5648570980174606e-14]], [1371.5537404209565, 1132.7516149237347, 1, 126.63657704161673, [0.00019676606883066973, 0.39527425956537393, 8.75651076269652e-27, 5.564857094293854e-14]], [1370.8267272684068, 1132.064991390771, 1, 136.63657704161673, [0.00019676606872334873, 8.75651076269652e-27, 5.383741610501608e-12]], [1370.2299900044763, 1131.2625547030275, 1, 126.63657704161673, [0.00019676606888814336, 0.3952742595653866, 8.75651076269652e-27, 5.564857092299738e-14]], [1369.5029768519266, 1130.5759311700638, 1, 136.63657704161673, [0.00019676606872334873, 7.035504463729853e-26, 5.208520758634865e-10]], [1368.9062395879962, 1129.7734944823203, 1, 126.63657704161673, [0.00019676606874224884, 0.39527425956535456, 8.75651076269652e-27, 5.383741609867227e-12]]]"
27,9.0,0.8310000000000173,0.0,"[[1401.4032627360696, 1166.1975633122565, 1, 126.63657704161673, [0.11341113203481415, 0.8386425976162778, 0.0, 0.0]], [1400.6762495835198, 1165.5109397792928, 1, 136.63657704161673, [1.1033888039067268e-06, 0.0, 0.0]], [1400.0795123195894, 1164.7085030915493, 1, 126.63657704161673, [1.1033888039067268e-06, 0.999737616264175, 0.0, 0.0]], [1399.3524991670397, 1164.0218795585856, 1, 136.63657704161673, [1.1033888039067268e-06, 0.0, 0.0]], [1398.7557619031093, 1163.2194428708422, 1, 126.63657704161673, [1.1033888039067268e-06, 0.999737616264175, 0.0, 0.0]], [1398.0287487505595, 1162.5328193378784, 1, 136.63657704161673, [1.1033888039067268e-06, 0.0, 0.0]], [1397.432011486629, 1161.730382650135, 1, 126.63657704161673, [1.1033888039067268e-06, 0.999737616264175, 0.0, 0.0]], [1396.7049983340794, 1161.0437591171712, 1, 136.63657704161673, [1.1033888039067268e-06, 0.0, 0.0]], [1396.108261070149, 1160.2413224294278, 1, 126.63657704161673, [1.1033888039067268e-06, 0.999737616264175, 0.0, 0.0]], [1395.3812479175992, 1159.554698896464, 1, 136.63657704161673, [1.1033888039067268e-06, 0.0, 0.0]], [1394.7845106536688, 1158.7522622087206, 1, 126.63657704161673, [1.1033888039067268e-06, 0.999737616264175, 0.0, 0.0]], [1394.057497501119, 1158.0656386757569, 1, 136.63657704161673, [1.1033888039067268e-06, 0.0, 0.0]], [1393.4607602371887, 1157.2632019880134, 1, 126.63657704161673, [1.1033888039067268e-06, 0.999737616264175, 0.0, 0.0]], [1392.733747084639, 1156.5765784550497, 1, 136.63657704161673, [1.1033888039067268e-06, 0.0, 0.0]], [1392.1370098207085, 1155.7741417673062, 1, 126.63657704161673, [1.1033888039067268e-06, 0.999737616264175, 0.0, 0.0]], [1391.4099966681588, 1155.0875182343425, 1, 136.63657704161673, [1.1033888039067268e-06, 0.0, 0.0]], [1390.8132594042283, 1154.285081546599, 1, 126.63657704161673, [1.1033888039067268e-06, 0.999737616264175, 0.0, 0.0]], [1390.0862462516786, 1153.5984580136353, 1, 136.63657704161673, [1.1033888039067268e-06, 0.0, 0.0]], [1389.4895089877482, 1152.7960213258918, 1, 126.63657704161673, [1.1033888039067268e-06, 0.999737616264175, 0.0, 0.0]], [1388.7624958351985, 1152.1093977929281, 1, 136.63657704161673, [1.1033888039067268e-06, 0.0, 0.0]], [1388.165758571268, 1151.3069611051847, 1, 126.63657704161673, [1.1033888039067268e-06, 0.999737616264175, 0.0, 0.0]], [1387.4387454187183, 1150.620337572221, 1, 136.63657704161673, [1.1033888039067268e-06, 0.0, 0.0]], [1386.842008154788, 1149.8179008844775, 1, 126.63657704161673, [1.1033888039067268e-06, 0.999737616264175, 0.0, 0.0]], [1386.1149950022382, 1149.1312773515137, 1, 136.63657704161673, [1.1033888039067268e-06, 0.0, 0.0]], [1385.5182577383077, 1148.3288406637703, 1, 126.63657704161673, [1.1033888039067268e-06, 0.999737616264175, 0.0, 0.0]], [1384.791244585758, 1147.6422171308066, 1, 136.63657704161673, [1.1033888039067268e-06, 0.0, 0.0]], [1384.1945073218276, 1146.839780443063, 1, 126.63657704161673, [1.1033888039067268e-06, 0.999737616264175, 0.0, 0.0]], [1383.4674941692779, 1146.1531569100994, 1, 136.63657704161673, [1.1033888039067268e-06, 0.0, 0.0]], [1382.8707569053474, 1145.350720222356, 1, 126.63657704161673, [1.1033888039067268e-06, 0.999737616264175, 0.0, 0.0]], [1382.1437437527977, 1144.6640966893922, 1, 136.63657704161673, [1.1033888039067268e-06, 0.0, 0.0]], [1381.5470064888673, 1143.8616600016487, 1, 126.63657704161673, [1.1033888039067268e-06, 0.999737616264175, 0.0, 0.0]], [1380.8199933363176, 1143.175036468685, 1, 136.63657704161673, [1.1033888039067268e-06, 0.0, 0.0]], [1380.2232560723871, 1142.3725997809415, 1, 126.63657704161673, [1.1033888039067268e-06, 0.999737616264175, 0.0, 0.0]], [1379.4962429198374, 1141.6859762479778, 1, 136.63657704161673, [1.1033888039067268e-06, 0.0, 0.0]], [1378.899505655907, 1140.8835395602343, 1, 126.63657704161673, [1.1033888039067268e-06, 0.999737616264175, 0.0, 0.0]], [1378.1724925033573, 1140.1969160272706, 1, 136.63657704161673, [1.1033888039067268e-06, 0.0, 0.0]], [1377.5757552394268, 1139.3944793395272, 1, 126.63657704161673, [1.1033888039067268e-06, 0.999737616264175, 0.0, 0.0]], [1376.848742086877, 1138.7078558065634, 1, 136.63657704161673, [1.1033888039067268e-06, 0.0, 0.0]], [1376.2520048229467, 1137.90541911882, 1, 126.63657704161673, [1.1033888039067268e-06, 0.999737616264175, 0.0, 0.0]], [1375.524991670397, 1137.2187955858562, 1, 136.63657704161673, [1.1033888039119403e-06, 0.0, 0.0]], [1374.9282544064665, 1136.4163588981128, 1, 126.63657704161673, [1.1033888039067268e-06, 0.999737616264175, 0.0, 0.0]], [1374.2012412539168, 1135.729735365149, 1, 136.63657704161673, [1.1033888039067268e-06, 0.0, 0.0]], [1373.6045039899864, 1134.9272986774056, 1, 126.63657704161673, [1.1033888039067268e-06, 0.999737616264175, 0.0, 0.0]], [1372.8774908374367, 1134.2406751444419, 1, 136.63657704161673, [1.1033888039067268e-06, 0.0, 0.0]], [1372.2807535735062, 1133.4382384566984, 1, 126.63657704161673, [1.1033888039067268e-06, 0.999737616264175, 0.0, 0.0]], [1371.5537404209565, 1132.7516149237347, 1, 136.63657704161673, [1.1033888039068481e-06, 0.0, 0.0]], [1370.957003157026, 1131.9491782359912, 1, 126.63657704161673, [1.1033888039067268e-06, 0.999737616264175, 0.0, 0.0]], [1370.2299900044763, 1131.2625547030275, 1, 136.63657704161673, [1.1033888039067287e-06, 0.0, 0.0]], [1369.633252740546, 1130.460118015284, 1, 126.63657704161673, [1.1033888039067268e-06, 0.999737616264175, 0.0, 0.0]], [1368.9062395879962, 1129.7734944823203, 1, 136.63657704161673, [1.1033888077335837e-06, 0.0, 0.0]], [1368.3095023240658, 1128.9710577945768, 1, 126.63657704161673, [1.1033888039067268e-06, 0.999737616264175, 0.0, 0.0]]]"
