car,racing_line
9,"[[1391.5094093409377, 1149.9721549330518, 20, 121.63657704161673, 1], [1385.783407490704, 1130.8093549598975, 20, 106.63657704161673, 1]]"
7,"[[1391.5094093409377, 1149.9721549330518, 20, 121.63657704161673, 1], [1380.4942891489222, 1132.092917612756, 21, 121.63657704161673, 3], [1374.4819872061767, 1111.9719776409443, 21, 106.63657704161673, 1]]"
8,"[[1391.5094093409377, 1149.9721549330518, 20, 121.63657704161673, 1], [1380.4942891489222, 1132.092917612756, 21, 121.63657704161673, 3], [1365.2270129453761, 1117.6738234205181, 21, 136.63657704161673, 0]]"
6,"[[1386.732723796454, 1152.580905807762, 21, 136.63657704161673, 3], [1374.373500203107, 1140.9083057473788, 17, 136.63657704161673, 2], [1364.9223292199592, 1131.9821998188504, 13, 136.63657704161673, 2], [1355.4711582368116, 1123.056093890322, 13, 136.63657704161673, 2], [1346.0199872536639, 1114.1299879617936, 13, 136.63657704161673, 2], [1336.5688162705162, 1105.2038820332652, 13, 136.63657704161673, 2], [1327.1176452873685, 1096.2777761047369, 13, 136.63657704161673, 2], [1317.6664743042209, 1087.3516701762085, 13, 136.63657704161673, 2], [1308.2153033210732, 1078.42556424768, 13, 136.63657704161673, 2], [1298.7641323379255, 1069.4994583191517, 13, 136.63657704161673, 2], [1288.585948202228, 1059.8867288576596, 14, 136.63657704161673, 3]]"
5,"[[1386.732723796454, 1152.580905807762, 21, 136.63657704161673, 3], [1374.373500203107, 1140.9083057473788, 17, 136.63657704161673, 2], [1364.9223292199592, 1131.9821998188504, 13, 136.63657704161673, 2], [1355.4711582368116, 1123.056093890322, 13, 136.63657704161673, 2], [1346.0199872536639, 1114.1299879617936, 13, 136.63657704161673, 2], [1336.5688162705162, 1105.2038820332652, 13, 136.63657704161673, 2], [1327.1176452873685, 1096.2777761047369, 13, 136.63657704161673, 2], [1317.6664743042209, 1087.3516701762085, 13, 136.63657704161673, 2], [1308.2153033210732, 1078.42556424768, 13, 136.63657704161673, 2], [1298.7641323379255, 1069.4994583191517, 13, 136.63657704161673, 2], [1287.3247559837237, 1063.3236451235532, 13, 151.63657704161673, 0], [1275.8853796295218, 1057.1478319279547, 13, 151.63657704161673, 2], [1264.44600327532, 1050.9720187323562, 13, 151.63657704161673, 2], [1253.0066269211181, 1044.7962055367577, 13, 151.63657704161673, 2], [1241.5672505669163, 1038.6203923411592, 13, 151.63657704161673, 2], [1230.1278742127145, 1032.4445791455607, 13, 151.63657704161673, 2], [1218.6884978585126, 1026.2687659499622, 13, 151.63657704161673, 2], [1207.2491215043108, 1020.0929527543638, 13, 151.63657704161673, 2], [1194.9297931228627, 1013.4420770052576, 14, 151.63657704161673, 3], [1181.7305127141683, 1006.3161387026439, 15, 151.63657704161673, 3], [1167.6512802782277, 998.7151378465227, 16, 151.63657704161673, 3], [1152.6920958150406, 990.6390744368938, 17, 151.63657704161673, 3]]"
4,"[[1391.5094093409377, 1149.9721549330518, 20, 121.63657704161673, 1], [1383.116936813688, 1136.3498788794932, 16, 121.63657704161673, 2], [1371.484726372891, 1125.3639023520736, 16, 136.63657704161673, 0], [1362.7605685422932, 1117.124419956509, 12, 136.63657704161673, 2], [1352.2011442153378, 1111.423669314418, 12, 151.63657704161673, 0], [1341.6417198883823, 1105.722918672327, 12, 151.63657704161673, 2], [1331.082295561427, 1100.0221680302361, 12, 151.63657704161673, 2], [1320.5228712344715, 1094.3214173881452, 12, 151.63657704161673, 2], [1309.963446907516, 1088.6206667460542, 12, 151.63657704161673, 2], [1299.4040225805606, 1082.9199161039633, 12, 151.63657704161673, 2], [1288.8445982536052, 1077.2191654618723, 12, 151.63657704161673, 2], [1278.2851739266498, 1071.5184148197814, 12, 151.63657704161673, 2], [1267.7257495996944, 1065.8176641776904, 12, 151.63657704161673, 2], [1259.0015917690966, 1057.5781817821257, 12, 136.63657704161673, 1], [1250.277433938499, 1049.338699386561, 12, 136.63657704161673, 2], [1241.5532761079012, 1041.0992169909964, 12, 136.63657704161673, 2], [1232.8291182773035, 1032.8597345954317, 12, 136.63657704161673, 2], [1224.1049604467057, 1024.620252199867, 12, 136.63657704161673, 2], [1215.380802616108, 1016.3807698043025, 12, 136.63657704161673, 2], [1206.6566447855103, 1008.141287408738, 12, 136.63657704161673, 2], [1197.9324869549125, 999.9018050131734, 12, 136.63657704161673, 2], [1189.2083291243148, 991.6623226176089, 12, 136.63657704161673, 2], [1180.484171293717, 983.4228402220443, 12, 136.63657704161673, 2], [1169.9247469667616, 977.7220895799534, 12, 151.63657704161673, 0], [1159.3653226398062, 972.0213389378624, 12, 151.63657704161673, 2], [1148.8058983128508, 966.3205882957715, 12, 151.63657704161673, 2], [1138.2464739858954, 960.6198376536805, 12, 151.63657704161673, 2], [1127.68704965894, 954.9190870115896, 12, 151.63657704161673, 2], [1117.1276253319845, 949.2183363694986, 12, 151.63657704161673, 2], [1106.568201005029, 943.5175857274077, 12, 151.63657704161673, 2], [1096.0087766780737, 937.8168350853167, 12, 151.63657704161673, 2], [1085.4493523511183, 932.1160844432258, 12, 151.63657704161673, 2], [1076.7251945205205, 923.8766020476612, 12, 136.63657704161673, 1], [1068.0010366899228, 915.6371196520967, 12, 136.63657704161673, 2], [1059.276878859325, 907.3976372565321, 12, 136.63657704161673, 2], [1050.5527210287273, 899.1581548609676, 12, 136.63657704161673, 2], [1041.8285631981296, 890.918672465403, 12, 136.63657704161673, 2], [1033.1044053675319, 882.6791900698385, 12, 136.63657704161673, 2], [1024.3802475369341, 874.4397076742739, 12, 136.63657704161673, 2], [1015.6560897063363, 866.2002252787094, 12, 136.63657704161673, 2], [1006.9319318757384, 857.9607428831448, 12, 136.63657704161673, 2], [1000.637577480301, 847.7440358429758, 12, 121.63657704161673, 1], [994.3432230848637, 837.5273288028068, 12, 121.63657704161673, 2], [990.9076219747233, 826.0296488189143, 12, 106.63657704161673, 1], [987.4720208645829, 814.5319688350219, 12, 106.63657704161673, 2], [984.0364197544425, 803.0342888511294, 12, 106.63657704161673, 2], [983.693702467656, 791.0391838136011, 12, 91.63657704161673, 1], [983.3509851808694, 779.0440787760728, 12, 91.63657704161673, 2], [983.0082678940829, 767.0489737385444, 12, 91.63657704161673, 2], [982.6655506072964, 755.0538687010161, 12, 91.63657704161673, 2], [982.3228333205099, 743.0587636634878, 12, 91.63657704161673, 2], [981.9801160337233, 731.0636586259594, 12, 91.63657704161673, 2], [981.6373987469368, 719.0685535884311, 12, 91.63657704161673, 2], [981.2946814601503, 707.0734485509028, 12, 91.63657704161673, 2], [980.9519641733638, 695.0783435133744, 12, 91.63657704161673, 2], [983.7254863266585, 683.4032600076695, 12, 76.63657704161673, 1], [986.4990084799532, 671.7281765019645, 12, 76.63657704161673, 2], [989.2725306332479, 660.0530929962596, 12, 76.63657704161673, 2], [994.9732812753389, 649.493668669304, 12, 61.63657704161673, 1], [997.7468034286336, 637.8185851635991, 12, 76.63657704161673, 0], [997.4040861418471, 625.8234801260708, 12, 91.63657704161673, 0], [993.9684850317067, 614.3258001421783, 12, 106.63657704161673, 0], [993.6257677449202, 602.33069510465, 12, 91.63657704161673, 1], [990.1901666347798, 590.8330151207575, 12, 106.63657704161673, 0], [983.8958122393424, 580.6163080805885, 12, 121.63657704161673, 0], [977.601457843905, 570.3996010404195, 12, 121.63657704161673, 2], [971.3071034484676, 560.1828940002505, 12, 121.63657704161673, 2], [965.0127490530302, 549.9661869600815, 12, 121.63657704161673, 2], [956.2885912224324, 541.7267045645169, 12, 136.63657704161673, 0], [947.5644333918345, 533.4872221689524, 12, 136.63657704161673, 2], [938.8402755612367, 525.2477397733878, 12, 136.63657704161673, 2], [930.1161177306388, 517.0082573778233, 12, 136.63657704161673, 2], [921.391959900041, 508.76877498225866, 12, 136.63657704161673, 2], [912.6678020694432, 500.52929258669405, 12, 136.63657704161673, 2], [903.9436442388453, 492.28981019112945, 12, 136.63657704161673, 2], [895.2194864082475, 484.05032779556484, 12, 136.63657704161673, 2], [886.4953285776496, 475.81084540000023, 12, 136.63657704161673, 2], [880.2009741822122, 465.5941383598313, 12, 121.63657704161673, 1], [873.9066197867749, 455.3774313196623, 12, 121.63657704161673, 2], [867.6122653913375, 445.16072427949337, 12, 121.63657704161673, 2], [861.3179109959001, 434.9440172393244, 12, 121.63657704161673, 2], [855.0235566004627, 424.72731019915545, 12, 121.63657704161673, 2], [851.5879554903223, 413.22963021526294, 12, 106.63657704161673, 1], [848.1523543801819, 401.73195023137043, 12, 106.63657704161673, 2]]"
3,"[[1391.5094093409377, 1149.9721549330518, 20, 121.63657704161673, 1], [1383.116936813688, 1136.3498788794932, 16, 121.63657704161673, 2], [1371.484726372891, 1125.3639023520736, 16, 136.63657704161673, 0], [1362.7605685422932, 1117.124419956509, 12, 136.63657704161673, 2], [1352.2011442153378, 1111.423669314418, 12, 151.63657704161673, 0], [1341.6417198883823, 1105.722918672327, 12, 151.63657704161673, 2], [1331.082295561427, 1100.0221680302361, 12, 151.63657704161673, 2], [1320.5228712344715, 1094.3214173881452, 12, 151.63657704161673, 2], [1309.963446907516, 1088.6206667460542, 12, 151.63657704161673, 2], [1299.4040225805606, 1082.9199161039633, 12, 151.63657704161673, 2], [1288.8445982536052, 1077.2191654618723, 12, 151.63657704161673, 2], [1278.2851739266498, 1071.5184148197814, 12, 151.63657704161673, 2], [1267.7257495996944, 1065.8176641776904, 12, 151.63657704161673, 2], [1259.0015917690966, 1057.5781817821257, 12, 136.63657704161673, 1], [1250.277433938499, 1049.338699386561, 12, 136.63657704161673, 2], [1241.5532761079012, 1041.0992169909964, 12, 136.63657704161673, 2], [1232.8291182773035, 1032.8597345954317, 12, 136.63657704161673, 2], [1224.1049604467057, 1024.620252199867, 12, 136.63657704161673, 2], [1215.380802616108, 1016.3807698043025, 12, 136.63657704161673, 2], [1206.6566447855103, 1008.141287408738, 12, 136.63657704161673, 2], [1197.9324869549125, 999.9018050131734, 12, 136.63657704161673, 2], [1189.2083291243148, 991.6623226176089, 12, 136.63657704161673, 2], [1180.484171293717, 983.4228402220443, 12, 136.63657704161673, 2], [1169.9247469667616, 977.7220895799534, 12, 151.63657704161673, 0], [1159.3653226398062, 972.0213389378624, 12, 151.63657704161673, 2], [1148.8058983128508, 966.3205882957715, 12, 151.63657704161673, 2], [1138.2464739858954, 960.6198376536805, 12, 151.63657704161673, 2], [1127.68704965894, 954.9190870115896, 12, 151.63657704161673, 2], [1117.1276253319845, 949.2183363694986, 12, 151.63657704161673, 2], [1106.568201005029, 943.5175857274077, 12, 151.63657704161673, 2], [1096.0087766780737, 937.8168350853167, 12, 151.63657704161673, 2], [1085.4493523511183, 932.1160844432258, 12, 151.63657704161673, 2], [1076.7251945205205, 923.8766020476612, 12, 136.63657704161673, 1], [1068.0010366899228, 915.6371196520967, 12, 136.63657704161673, 2], [1059.276878859325, 907.3976372565321, 12, 136.63657704161673, 2], [1050.5527210287273, 899.1581548609676, 12, 136.63657704161673, 2], [1041.8285631981296, 890.918672465403, 12, 136.63657704161673, 2], [1033.1044053675319, 882.6791900698385, 12, 136.63657704161673, 2], [1024.3802475369341, 874.4397076742739, 12, 136.63657704161673, 2], [1015.6560897063363, 866.2002252787094, 12, 136.63657704161673, 2], [1006.9319318757384, 857.9607428831448, 12, 136.63657704161673, 2], [998.2077740451406, 849.7212604875803, 12, 136.63657704161673, 2], [989.4836162145427, 841.4817780920157, 12, 136.63657704161673, 2], [983.1892618191054, 831.2650710518467, 12, 121.63657704161673, 1], [979.753660708965, 819.7673910679542, 12, 106.63657704161673, 1], [976.3180595988246, 808.2697110840618, 12, 106.63657704161673, 2], [975.975342312038, 796.2746060465334, 12, 91.63657704161673, 1], [975.6326250252515, 784.2795010090051, 12, 91.63657704161673, 2], [975.289907738465, 772.2843959714768, 12, 91.63657704161673, 2], [974.9471904516785, 760.2892909339485, 12, 91.63657704161673, 2], [977.7207126049732, 748.6142074282435, 12, 76.63657704161673, 1], [980.4942347582679, 736.9391239225386, 12, 76.63657704161673, 2], [983.2677569115626, 725.2640404168336, 12, 76.63657704161673, 2], [986.0412790648573, 713.5889569111287, 12, 76.63657704161673, 2], [988.8148012181521, 701.9138734054237, 12, 76.63657704161673, 2], [991.5883233714468, 690.2387898997188, 12, 76.63657704161673, 2], [994.3618455247415, 678.5637063940138, 12, 76.63657704161673, 2], [997.1353676780362, 666.8886228883089, 12, 76.63657704161673, 2], [996.7926503912497, 654.8935178507805, 12, 91.63657704161673, 0], [996.4499331044632, 642.8984128132522, 12, 91.63657704161673, 2], [996.1072158176767, 630.9033077757239, 12, 91.63657704161673, 2], [995.7644985308901, 618.9082027381955, 12, 91.63657704161673, 2], [992.3288974207497, 607.4105227543031, 12, 106.63657704161673, 0], [988.8932963106093, 595.9128427704106, 12, 106.63657704161673, 2], [985.457695200469, 584.4151627865182, 12, 106.63657704161673, 2], [979.1633408050316, 574.1984557463492, 12, 121.63657704161673, 0], [972.8689864095942, 563.9817487061802, 12, 121.63657704161673, 2], [966.5746320141568, 553.7650416660111, 12, 121.63657704161673, 2], [957.850474183559, 545.5255592704466, 12, 136.63657704161673, 0], [949.1263163529611, 537.286076874882, 12, 136.63657704161673, 2], [940.4021585223633, 529.0465944793175, 12, 136.63657704161673, 2], [931.6780006917654, 520.8071120837529, 12, 136.63657704161673, 2], [922.9538428611676, 512.5676296881884, 12, 136.63657704161673, 2], [914.2296850305697, 504.3281472926238, 12, 136.63657704161673, 2], [905.5055271999719, 496.0886648970592, 12, 136.63657704161673, 2], [896.781369369374, 487.84918250149457, 12, 136.63657704161673, 2], [888.0572115387762, 479.60970010592996, 12, 136.63657704161673, 2], [881.7628571433388, 469.392993065761, 12, 121.63657704161673, 1], [875.4685027479014, 459.17628602559205, 12, 121.63657704161673, 2], [869.174148352464, 448.9595789854231, 12, 121.63657704161673, 2], [862.8797939570267, 438.74287194525414, 12, 121.63657704161673, 2], [856.5854395615893, 428.5261649050852, 12, 121.63657704161673, 2], [850.2910851661519, 418.3094578649162, 12, 121.63657704161673, 2], [843.9967307707145, 408.09275082474727, 12, 121.63657704161673, 2], [837.7023763752771, 397.8760437845783, 12, 121.63657704161673, 2], [834.2667752651367, 386.3783638006858, 12, 106.63657704161673, 1], [833.9240579783502, 374.38325876315747, 12, 91.63657704161673, 1], [836.6975801316449, 362.7081752574525, 12, 76.63657704161673, 1]]"
2,"[[1391.5094093409377, 1149.9721549330518, 20, 121.63657704161673, 1], [1383.116936813688, 1136.3498788794932, 16, 121.63657704161673, 2], [1371.484726372891, 1125.3639023520736, 16, 136.63657704161673, 0], [1362.7605685422932, 1117.124419956509, 12, 136.63657704161673, 2], [1352.2011442153378, 1111.423669314418, 12, 151.63657704161673, 0], [1341.6417198883823, 1105.722918672327, 12, 151.63657704161673, 2], [1331.082295561427, 1100.0221680302361, 12, 151.63657704161673, 2], [1320.5228712344715, 1094.3214173881452, 12, 151.63657704161673, 2], [1309.963446907516, 1088.6206667460542, 12, 151.63657704161673, 2], [1299.4040225805606, 1082.9199161039633, 12, 151.63657704161673, 2], [1288.8445982536052, 1077.2191654618723, 12, 151.63657704161673, 2], [1278.2851739266498, 1071.5184148197814, 12, 151.63657704161673, 2], [1267.7257495996944, 1065.8176641776904, 12, 151.63657704161673, 2], [1256.2863732454925, 1059.641850982092, 13, 151.63657704161673, 3], [1243.9670448640445, 1052.9909752329859, 14, 151.63657704161673, 3], [1233.7888607283471, 1043.3782457714938, 14, 136.63657704161673, 1], [1226.518729202849, 1036.5120104418565, 10, 136.63657704161673, 2], [1219.248597677351, 1029.6457751122193, 10, 136.63657704161673, 2], [1211.978466151853, 1022.7795397825821, 10, 136.63657704161673, 2], [1204.7083346263548, 1015.9133044529449, 10, 136.63657704161673, 2], [1197.4382031008568, 1009.0470691233077, 10, 136.63657704161673, 2], [1190.1680715753587, 1002.1808337936704, 10, 136.63657704161673, 2], [1182.8979400498606, 995.3145984640332, 10, 136.63657704161673, 2], [1175.6278085243625, 988.448363134396, 10, 136.63657704161673, 2], [1168.3576769988645, 981.5821278047588, 10, 136.63657704161673, 2], [1161.0875454733664, 974.7158924751216, 10, 136.63657704161673, 2], [1153.8174139478683, 967.8496571454843, 10, 136.63657704161673, 2], [1146.5472824223702, 960.9834218158471, 10, 136.63657704161673, 2], [1139.2771508968722, 954.1171864862099, 10, 136.63657704161673, 2], [1132.007019371374, 947.2509511565727, 10, 136.63657704161673, 2], [1123.2074990989113, 942.5003256214969, 10, 151.63657704161673, 0], [1114.4079788264485, 937.7497000864212, 10, 151.63657704161673, 2], [1105.6084585539857, 932.9990745513454, 10, 151.63657704161673, 2], [1096.8089382815228, 928.2484490162697, 10, 151.63657704161673, 2], [1088.00941800906, 923.4978234811939, 10, 151.63657704161673, 2], [1079.2098977365972, 918.7471979461181, 10, 151.63657704161673, 2], [1070.4103774641344, 913.9965724110424, 10, 151.63657704161673, 2], [1061.6108571916716, 909.2459468759666, 10, 151.63657704161673, 2], [1052.8113369192088, 904.4953213408909, 10, 151.63657704161673, 2], [1044.011816646746, 899.7446958058151, 10, 151.63657704161673, 2], [1035.2122963742831, 894.9940702707394, 10, 151.63657704161673, 2], [1025.532824074574, 889.768382182156, 11, 151.63657704161673, 3], [1017.5356793965259, 882.2155233195551, 11, 136.63657704161673, 1], [1009.5385347184779, 874.6626644569543, 11, 136.63657704161673, 2], [1001.5413900404299, 867.1098055943535, 11, 136.63657704161673, 2], [993.5442453623818, 859.5569467317526, 11, 136.63657704161673, 2], [984.820087531784, 851.3174643361881, 12, 136.63657704161673, 3], [978.5257331363466, 841.1007572960191, 12, 121.63657704161673, 1], [975.0901320262062, 829.6030773121266, 12, 106.63657704161673, 1], [971.3682308235542, 817.1472573295764, 13, 106.63657704161673, 3], [970.9969537628688, 804.1525602055874, 13, 91.63657704161673, 1], [970.5971169282844, 790.1582709951376, 14, 91.63657704161673, 3], [970.1687203198013, 775.1643896982272, 15, 91.63657704161673, 3], [973.6356230114196, 760.570535316096, 15, 76.63657704161673, 1], [976.1780183186064, 749.8683754358665, 11, 76.63657704161673, 2], [978.7204136257932, 739.166215555637, 11, 76.63657704161673, 2], [981.26280893298, 728.4640556754075, 11, 76.63657704161673, 2], [983.8052042401667, 717.761895795178, 11, 76.63657704161673, 2], [986.3475995473535, 707.0597359149485, 11, 76.63657704161673, 2], [988.8899948545403, 696.357576034719, 11, 76.63657704161673, 2], [991.4323901617271, 685.6554161544896, 11, 76.63657704161673, 2], [993.9747854689139, 674.9532562742601, 11, 76.63657704161673, 2], [996.5171807761006, 664.2510963940306, 11, 76.63657704161673, 2], [999.0595760832874, 653.5489365138011, 11, 76.63657704161673, 2], [998.7454185703998, 642.5534235627334, 11, 91.63657704161673, 0], [998.4312610575122, 631.5579106116658, 11, 91.63657704161673, 2], [995.2819600398835, 621.018370626431, 11, 106.63657704161673, 0], [992.1326590222549, 610.4788306411962, 11, 106.63657704161673, 2], [988.9833580046262, 599.9392906559614, 11, 106.63657704161673, 2], [985.8340569869976, 589.3997506707266, 11, 106.63657704161673, 2], [980.0642321245133, 580.034435883905, 11, 121.63657704161673, 0], [974.294407262029, 570.6691210970835, 11, 121.63657704161673, 2], [968.5245823995448, 561.303806310262, 11, 121.63657704161673, 2], [962.7547575370605, 551.9384915234405, 11, 121.63657704161673, 2], [956.9849326745763, 542.573176736619, 11, 121.63657704161673, 2], [951.215107812092, 533.2078619497975, 11, 121.63657704161673, 2], [943.217963134044, 525.6550030871966, 11, 136.63657704161673, 0], [935.220818455996, 518.1021442245958, 11, 136.63657704161673, 2], [927.223673777948, 510.5492853619949, 11, 136.63657704161673, 2], [919.2265290999, 502.99642649939403, 11, 136.63657704161673, 2], [911.2293844218519, 495.44356763679315, 11, 136.63657704161673, 2], [903.2322397438039, 487.89070877419226, 11, 136.63657704161673, 2], [895.2350950657559, 480.3378499115914, 11, 136.63657704161673, 2], [887.2379503877079, 472.7849910489905, 11, 136.63657704161673, 2], [879.2408057096599, 465.2321321863896, 11, 136.63657704161673, 2], [871.2436610316119, 457.6792733237887, 11, 136.63657704161673, 2], [863.2465163535638, 450.12641446118784, 11, 136.63657704161673, 2], [854.522358522966, 441.8869320656232, 12, 136.63657704161673, 3], [845.0711875398183, 432.9608261370949, 13, 136.63657704161673, 3], [838.2523036114278, 421.8927268435785, 13, 121.63657704161673, 1], [834.5304024087758, 409.43690686102826, 13, 106.63657704161673, 1], [834.1591253480904, 396.4422097370392, 13, 91.63657704161673, 1], [837.1637743474929, 383.79420260585886, 13, 76.63657704161673, 1], [843.3395875430914, 372.3548262516571, 13, 61.63657704161673, 1], [852.2656934716197, 362.90365526850945, 13, 46.63657704161673, 1], [863.3337927651361, 356.08477134011895, 13, 31.636577041616732, 1], [875.7896127476863, 352.3628701374669, 13, 16.636577041616732, 1], [888.2454327302365, 348.6409689348149, 13, 16.636577041616732, 2], [900.7012527127868, 344.9190677321629, 13, 16.636577041616732, 2], [913.157072695337, 341.19716652951087, 13, 16.636577041616732, 2], [925.6128926778872, 337.47526532685885, 13, 16.636577041616732, 2], [938.0687126604374, 333.7533641242068, 13, 16.636577041616732, 2], [950.5245326429877, 330.0314629215548, 13, 16.636577041616732, 2], [961.5926319365041, 323.2125789931643, 13, 31.636577041616732, 0], [970.5187378650323, 313.7614080100167, 13, 46.63657704161673, 0], [980.1314673265243, 303.58322387431923, 14, 46.63657704161673, 3]]"
1,"[[1391.5094093409377, 1149.9721549330518, 20, 121.63657704161673, 1], [1383.116936813688, 1136.3498788794932, 16, 121.63657704161673, 2], [1371.484726372891, 1125.3639023520736, 16, 136.63657704161673, 0], [1362.7605685422932, 1117.124419956509, 12, 136.63657704161673, 2], [1352.2011442153378, 1111.423669314418, 12, 151.63657704161673, 0], [1341.6417198883823, 1105.722918672327, 12, 151.63657704161673, 2], [1331.082295561427, 1100.0221680302361, 12, 151.63657704161673, 2], [1320.5228712344715, 1094.3214173881452, 12, 151.63657704161673, 2], [1309.963446907516, 1088.6206667460542, 12, 151.63657704161673, 2], [1299.4040225805606, 1082.9199161039633, 12, 151.63657704161673, 2], [1288.8445982536052, 1077.2191654618723, 12, 151.63657704161673, 2], [1278.2851739266498, 1071.5184148197814, 12, 151.63657704161673, 2], [1267.7257495996944, 1065.8176641776904, 12, 151.63657704161673, 2], [1256.2863732454925, 1059.641850982092, 13, 151.63657704161673, 3], [1243.9670448640445, 1052.9909752329859, 14, 151.63657704161673, 3], [1233.7888607283471, 1043.3782457714938, 14, 136.63657704161673, 1], [1226.518729202849, 1036.5120104418565, 10, 136.63657704161673, 2], [1219.248597677351, 1029.6457751122193, 10, 136.63657704161673, 2], [1211.978466151853, 1022.7795397825821, 10, 136.63657704161673, 2], [1204.7083346263548, 1015.9133044529449, 10, 136.63657704161673, 2], [1197.4382031008568, 1009.0470691233077, 10, 136.63657704161673, 2], [1190.1680715753587, 1002.1808337936704, 10, 136.63657704161673, 2], [1182.8979400498606, 995.3145984640332, 10, 136.63657704161673, 2], [1175.6278085243625, 988.448363134396, 10, 136.63657704161673, 2], [1168.3576769988645, 981.5821278047588, 10, 136.63657704161673, 2], [1161.0875454733664, 974.7158924751216, 10, 136.63657704161673, 2], [1153.8174139478683, 967.8496571454843, 10, 136.63657704161673, 2], [1146.5472824223702, 960.9834218158471, 10, 136.63657704161673, 2], [1139.2771508968722, 954.1171864862099, 10, 136.63657704161673, 2], [1132.007019371374, 947.2509511565727, 10, 136.63657704161673, 2], [1123.2074990989113, 942.5003256214969, 10, 151.63657704161673, 0], [1114.4079788264485, 937.7497000864212, 10, 151.63657704161673, 2], [1105.6084585539857, 932.9990745513454, 10, 151.63657704161673, 2], [1096.8089382815228, 928.2484490162697, 10, 151.63657704161673, 2], [1088.00941800906, 923.4978234811939, 10, 151.63657704161673, 2], [1079.2098977365972, 918.7471979461181, 10, 151.63657704161673, 2], [1070.4103774641344, 913.9965724110424, 10, 151.63657704161673, 2], [1061.6108571916716, 909.2459468759666, 10, 151.63657704161673, 2], [1052.8113369192088, 904.4953213408909, 10, 151.63657704161673, 2], [1044.011816646746, 899.7446958058151, 10, 151.63657704161673, 2], [1035.2122963742831, 894.9940702707394, 10, 151.63657704161673, 2], [1025.532824074574, 889.768382182156, 11, 151.63657704161673, 3], [1017.5356793965259, 882.2155233195551, 11, 136.63657704161673, 1], [1009.5385347184779, 874.6626644569543, 11, 136.63657704161673, 2], [1001.5413900404299, 867.1098055943535, 11, 136.63657704161673, 2], [993.5442453623818, 859.5569467317526, 11, 136.63657704161673, 2], [984.820087531784, 851.3174643361881, 12, 136.63657704161673, 3], [978.5257331363466, 841.1007572960191, 12, 121.63657704161673, 1], [975.0901320262062, 829.6030773121266, 12, 106.63657704161673, 1], [971.3682308235542, 817.1472573295764, 13, 106.63657704161673, 3], [970.9969537628688, 804.1525602055874, 13, 91.63657704161673, 1], [970.5971169282844, 790.1582709951376, 14, 91.63657704161673, 3], [970.1687203198013, 775.1643896982272, 15, 91.63657704161673, 3], [973.6356230114196, 760.570535316096, 15, 76.63657704161673, 1], [976.1780183186064, 749.8683754358665, 11, 76.63657704161673, 2], [978.7204136257932, 739.166215555637, 11, 76.63657704161673, 2], [981.26280893298, 728.4640556754075, 11, 76.63657704161673, 2], [983.8052042401667, 717.761895795178, 11, 76.63657704161673, 2], [986.3475995473535, 707.0597359149485, 11, 76.63657704161673, 2], [988.8899948545403, 696.357576034719, 11, 76.63657704161673, 2], [991.4323901617271, 685.6554161544896, 11, 76.63657704161673, 2], [993.9747854689139, 674.9532562742601, 11, 76.63657704161673, 2], [996.5171807761006, 664.2510963940306, 11, 76.63657704161673, 2], [999.0595760832874, 653.5489365138011, 11, 76.63657704161673, 2], [998.7454185703998, 642.5534235627334, 11, 91.63657704161673, 0], [998.4312610575122, 631.5579106116658, 11, 91.63657704161673, 2], [995.2819600398835, 621.018370626431, 11, 106.63657704161673, 0], [992.1326590222549, 610.4788306411962, 11, 106.63657704161673, 2], [988.9833580046262, 599.9392906559614, 11, 106.63657704161673, 2], [985.8340569869976, 589.3997506707266, 11, 106.63657704161673, 2], [980.0642321245133, 580.034435883905, 11, 121.63657704161673, 0], [974.294407262029, 570.6691210970835, 11, 121.63657704161673, 2], [968.5245823995448, 561.303806310262, 11, 121.63657704161673, 2], [962.7547575370605, 551.9384915234405, 11, 121.63657704161673, 2], [956.9849326745763, 542.573176736619, 11, 121.63657704161673, 2], [951.215107812092, 533.2078619497975, 11, 121.63657704161673, 2], [943.217963134044, 525.6550030871966, 11, 136.63657704161673, 0], [935.220818455996, 518.1021442245958, 11, 136.63657704161673, 2], [927.223673777948, 510.5492853619949, 11, 136.63657704161673, 2], [919.2265290999, 502.99642649939403, 11, 136.63657704161673, 2], [911.2293844218519, 495.44356763679315, 11, 136.63657704161673, 2], [903.2322397438039, 487.89070877419226, 11, 136.63657704161673, 2], [895.2350950657559, 480.3378499115914, 11, 136.63657704161673, 2], [887.2379503877079, 472.7849910489905, 11, 136.63657704161673, 2], [879.2408057096599, 465.2321321863896, 11, 136.63657704161673, 2], [871.2436610316119, 457.6792733237887, 11, 136.63657704161673, 2], [863.2465163535638, 450.12641446118784, 11, 136.63657704161673, 2], [854.522358522966, 441.8869320656232, 12, 136.63657704161673, 3], [845.0711875398183, 432.9608261370949, 13, 136.63657704161673, 3], [838.2523036114278, 421.8927268435785, 13, 121.63657704161673, 1], [834.5304024087758, 409.43690686102826, 13, 106.63657704161673, 1], [834.1591253480904, 396.4422097370392, 13, 91.63657704161673, 1], [837.1637743474929, 383.79420260585886, 13, 76.63657704161673, 1], [843.3395875430914, 372.3548262516571, 13, 61.63657704161673, 1], [852.2656934716197, 362.90365526850945, 13, 46.63657704161673, 1], [863.3337927651361, 356.08477134011895, 13, 31.636577041616732, 1], [875.7896127476863, 352.3628701374669, 13, 16.636577041616732, 1], [888.2454327302365, 348.6409689348149, 13, 16.636577041616732, 2], [900.7012527127868, 344.9190677321629, 13, 16.636577041616732, 2], [914.1152126939946, 340.91086643699913, 14, 16.636577041616732, 3], [923.6966126805718, 338.04786551188215, 10, 16.636577041616732, 2], [933.2780126671489, 335.1848645867652, 10, 16.636577041616732, 2], [942.859412653726, 332.3218636616482, 10, 16.636577041616732, 2], [952.4408126403032, 329.4588627365312, 10, 16.636577041616732, 2], [960.9547351737773, 324.2135674070001, 10, 31.636577041616732, 0], [967.8209705034144, 316.9434358815019, 10, 46.63657704161673, 0], [972.5715960384902, 308.14391560903897, 10, 61.63657704161673, 0]]"
0,"[[1386.732723796454, 1152.580905807762, 21, 136.63657704161673, 3], [1374.373500203107, 1140.9083057473788, 17, 136.63657704161673, 2], [1364.9223292199592, 1131.9821998188504, 13, 136.63657704161673, 2], [1355.4711582368116, 1123.056093890322, 13, 136.63657704161673, 2], [1346.0199872536639, 1114.1299879617936, 13, 136.63657704161673, 2], [1336.5688162705162, 1105.2038820332652, 13, 136.63657704161673, 2], [1327.1176452873685, 1096.2777761047369, 13, 136.63657704161673, 2], [1317.6664743042209, 1087.3516701762085, 13, 136.63657704161673, 2], [1308.2153033210732, 1078.42556424768, 13, 136.63657704161673, 2], [1298.7641323379255, 1069.4994583191517, 13, 136.63657704161673, 2], [1287.3247559837237, 1063.3236451235532, 13, 151.63657704161673, 0], [1275.8853796295218, 1057.1478319279547, 13, 151.63657704161673, 2], [1264.44600327532, 1050.9720187323562, 13, 151.63657704161673, 2], [1253.0066269211181, 1044.7962055367577, 13, 151.63657704161673, 2], [1241.5672505669163, 1038.6203923411592, 13, 151.63657704161673, 2], [1230.1278742127145, 1032.4445791455607, 13, 151.63657704161673, 2], [1218.6884978585126, 1026.2687659499622, 13, 151.63657704161673, 2], [1207.2491215043108, 1020.0929527543638, 13, 151.63657704161673, 2], [1195.809745150109, 1013.9171395587653, 13, 151.63657704161673, 2], [1183.490416768661, 1007.2662638096591, 14, 151.63657704161673, 3], [1173.3122326329635, 997.6535343481671, 14, 136.63657704161673, 1], [1166.0421011074654, 990.7872990185299, 10, 136.63657704161673, 2], [1158.7719695819674, 983.9210636888927, 10, 136.63657704161673, 2], [1151.5018380564693, 977.0548283592555, 10, 136.63657704161673, 2], [1144.2317065309712, 970.1885930296182, 10, 136.63657704161673, 2], [1136.9615750054732, 963.322357699981, 10, 136.63657704161673, 2], [1129.691443479975, 956.4561223703438, 10, 136.63657704161673, 2], [1122.421311954477, 949.5898870407066, 10, 136.63657704161673, 2], [1115.151180428979, 942.7236517110694, 10, 136.63657704161673, 2], [1107.8810489034809, 935.8574163814321, 10, 136.63657704161673, 2], [1100.6109173779828, 928.9911810517949, 10, 136.63657704161673, 2], [1093.3407858524847, 922.1249457221577, 10, 136.63657704161673, 2], [1086.0706543269866, 915.2587103925205, 10, 136.63657704161673, 2], [1078.8005228014886, 908.3924750628832, 10, 136.63657704161673, 2], [1071.5303912759905, 901.526239733246, 10, 136.63657704161673, 2], [1062.7308710035277, 896.7756141981703, 10, 151.63657704161673, 0], [1053.9313507310649, 892.0249886630945, 10, 151.63657704161673, 2], [1045.131830458602, 887.2743631280188, 10, 151.63657704161673, 2], [1036.3323101861392, 882.523737592943, 10, 151.63657704161673, 2], [1027.5327899136764, 877.7731120578673, 10, 151.63657704161673, 2], [1018.7332696412135, 873.0224865227915, 10, 151.63657704161673, 2], [1009.9337493687506, 868.2718609877157, 10, 151.63657704161673, 2], [1001.1342290962876, 863.52123545264, 10, 151.63657704161673, 2], [993.8640975707895, 856.6550001230028, 10, 136.63657704161673, 1], [985.8669528927414, 849.1021412604019, 11, 136.63657704161673, 3], [980.0971280302572, 839.7368264735803, 11, 121.63657704161673, 1], [976.9478270126285, 829.1972864883455, 11, 106.63657704161673, 1], [973.5122259024881, 817.6996065044531, 12, 106.63657704161673, 3], [973.1695086157016, 805.7045014669247, 12, 91.63657704161673, 1], [972.8267913289151, 793.7093964293964, 12, 91.63657704161673, 2], [972.4840740421286, 781.7142913918681, 12, 91.63657704161673, 2], [972.1127969814431, 768.7195942678791, 13, 91.63657704161673, 3], [971.7129601468588, 754.7253050574293, 14, 91.63657704161673, 3], [974.9487359923693, 741.1043743007735, 14, 76.63657704161673, 1], [977.2600044534482, 731.3751380460194, 10, 76.63657704161673, 2], [979.5712729145272, 721.6459017912653, 10, 76.63657704161673, 2], [981.8825413756061, 711.9166655365111, 10, 76.63657704161673, 2], [984.1938098366851, 702.187429281757, 10, 76.63657704161673, 2], [986.505078297764, 692.4581930270028, 10, 76.63657704161673, 2], [988.816346758843, 682.7289567722487, 10, 76.63657704161673, 2], [991.127615219922, 672.9997205174946, 10, 76.63657704161673, 2], [993.4388836810009, 663.2704842627404, 10, 76.63657704161673, 2], [995.7501521420799, 653.5412480079863, 10, 76.63657704161673, 2], [998.0614206031588, 643.8120117532321, 10, 76.63657704161673, 2], [997.77582286417, 633.8160908886251, 10, 91.63657704161673, 0], [997.4902251251812, 623.8201700240181, 10, 91.63657704161673, 2], [994.6272242000642, 614.238770037441, 10, 106.63657704161673, 0], [991.7642232749473, 604.6573700508638, 10, 106.63657704161673, 2], [988.9012223498304, 595.0759700642867, 10, 106.63657704161673, 2], [986.0382214247135, 585.4945700777096, 10, 106.63657704161673, 2], [980.7929260951823, 576.9806475442355, 10, 121.63657704161673, 0], [975.5476307656512, 568.4667250107614, 10, 121.63657704161673, 2], [970.3023354361201, 559.9528024772873, 10, 121.63657704161673, 2], [965.0570401065889, 551.4388799438132, 10, 121.63657704161673, 2], [957.7869085810908, 544.5726446141759, 10, 136.63657704161673, 0], [950.5167770555926, 537.7064092845387, 10, 136.63657704161673, 2], [943.2466455300944, 530.8401739549015, 10, 136.63657704161673, 2], [935.9765140045962, 523.9739386252643, 10, 136.63657704161673, 2], [928.706382479098, 517.1077032956271, 10, 136.63657704161673, 2], [921.4362509535998, 510.2414679659899, 10, 136.63657704161673, 2], [914.1661194281016, 503.37523263635273, 10, 136.63657704161673, 2], [906.8959879026035, 496.50899730671557, 10, 136.63657704161673, 2], [899.6258563771053, 489.6427619770784, 10, 136.63657704161673, 2], [892.3557248516071, 482.77652664744124, 10, 136.63657704161673, 2], [885.0855933261089, 475.9102913178041, 10, 136.63657704161673, 2], [877.8154618006107, 469.0440559881669, 10, 136.63657704161673, 2], [869.8183171225627, 461.49119712556603, 11, 136.63657704161673, 3], [864.0484922600784, 452.1258823387445, 11, 121.63657704161673, 1], [858.2786673975942, 442.7605675519229, 11, 121.63657704161673, 2], [852.5088425351099, 433.39525276510136, 11, 121.63657704161673, 2], [846.7390176726257, 424.0299379782798, 11, 121.63657704161673, 2], [840.9691928101414, 414.66462319145825, 11, 121.63657704161673, 2], [837.8198917925127, 404.12508320622345, 11, 106.63657704161673, 1], [837.5057342796251, 393.1295702551558, 11, 91.63657704161673, 1], [840.0481295868119, 382.42741037492624, 11, 76.63657704161673, 1], [845.2738176753953, 372.747938075217, 11, 61.63657704161673, 1], [852.8266765379961, 364.750793397169, 11, 46.63657704161673, 1], [862.1919913248176, 358.98096853468473, 11, 31.636577041616732, 1], [872.7315313100524, 355.8316675170561, 11, 16.636577041616732, 1], [883.2710712952872, 352.6823664994274, 11, 16.636577041616732, 2], [893.810611280522, 349.53306548179876, 11, 16.636577041616732, 2], [904.3501512657568, 346.3837644641701, 11, 16.636577041616732, 2], [914.8896912509916, 343.23446344654144, 11, 16.636577041616732, 2], [925.4292312362264, 340.0851624289128, 11, 16.636577041616732, 2], [935.9687712214612, 336.9358614112841, 11, 16.636577041616732, 2], [946.508311206696, 333.78656039365546, 11, 16.636577041616732, 2], [955.8736259935175, 328.0167355311712, 11, 31.636577041616732, 0], [963.4264848561183, 320.0195908531232, 11, 46.63657704161673, 0], [968.6521729447018, 310.34011855341396, 11, 61.63657704161673, 0], [971.1945682518885, 299.6379586731844, 11, 76.63657704161673, 0]]"
