generation,car,x,y
4,15,850.0,920.0
4,15,869.3185165257813,914.8236190979496
4,15,886.63902460147,904.8236190979496
4,15,900.781160225201,890.6814834742187
4,15,910.781160225201,873.36097539853
4,23,850.0,920.0
4,23,869.3185165257813,925.1763809020504
4,23,886.63902460147,935.1763809020504
4,23,900.781160225201,949.3185165257813
4,23,910.781160225201,966.63902460147
4,7,849.3185165257813,914.8236190979496
4,7,869.3185165257813,914.8236190979496
4,7,888.6370330515626,920.0
4,7,905.9575411272514,930.0
4,7,920.0996767509823,944.142135623731
4,7,930.0996767509823,961.4626436994197
4,10,849.3185165257813,914.8236190979496
4,10,869.6029588778517,909.3884191507967
4,10,890.8533270562112,903.6944001585413
4,10,913.0696210608598,897.7415621211833
4,10,932.988205347902,886.2415621211833
4,10,949.2516613151926,869.9781061538927
4,19,850.0,920.0
4,19,871.0,920.0
4,19,893.0,920.0
4,19,916.0,920.0
4,19,940.0,920.0
4,19,965.0,920.0
4,19,991.0,920.0
4,19,1018.0,920.0
4,19,1044.0799973098049,926.988114217768
4,19,1071.0799973098049,926.988114217768
4,19,1097.1599946196097,920.0
4,19,1124.1599946196097,920.0
4,19,1150.2399919294146,913.011885782232
4,16,849.3185165257813,914.8236190979496
4,16,864.7733297464064,910.6825143763093
4,16,876.3644396618752,907.576685835079
4,16,887.955549577344,904.4708572938488
4,16,899.5466594928128,901.3650287526185
4,16,911.1377694082815,898.2592002113882
4,16,922.7288793237503,895.153371670158
4,16,934.3199892392191,892.0475431289277
4,16,945.9110991546879,888.9417145876974
4,16,957.5022090701567,885.8358860464672
4,16,969.0933189856255,882.7300575052369
4,16,980.6844289010943,879.6242289640066
4,16,992.2755388165631,876.5184004227764
4,16,1003.8666487320319,873.4125718815461
4,26,849.3185165257813,914.8236190979496
4,26,864.7733297464064,910.6825143763093
4,26,876.3644396618752,907.576685835079
4,26,887.955549577344,904.4708572938488
4,26,899.5466594928128,901.3650287526185
4,26,911.1377694082815,898.2592002113882
4,26,922.7288793237503,895.153371670158
4,26,934.3199892392191,892.0475431289277
4,26,945.9110991546879,888.9417145876974
4,26,957.5022090701567,885.8358860464672
4,26,969.0933189856255,882.7300575052369
4,26,980.6844289010943,879.6242289640066
4,26,992.2755388165631,876.5184004227764
4,26,1003.8666487320319,873.4125718815461
4,28,849.3185165257813,925.1763809020504
4,28,869.6029588778517,930.6115808492033
4,28,890.8533270562112,936.3055998414587
4,28,913.0696210608598,942.2584378788167
4,28,936.2518408917974,948.4700949612773
4,28,960.2518408917974,948.4700949612773
4,28,985.2518408917974,948.4700949612773
4,28,1011.2518408917974,948.4700949612773
4,28,1036.3659123753132,941.7407997886118
4,28,1062.445909685118,934.7526855708437
4,28,1089.491832821212,927.5057523079731
4,28,1117.503681783595,920.0
4,28,1146.4814565722672,912.2354286469243
4,28,1176.4251571872283,904.2120382487462
4,20,850.0,920.0
4,20,869.3185165257813,925.1763809020504
4,20,886.63902460147,935.1763809020504
4,20,905.9575411272514,940.3527618041007
4,20,923.2780492029401,950.3527618041007
4,20,942.5965657287214,955.5291427061511
4,20,962.5965657287214,955.5291427061511
4,20,981.9150822545027,960.7055236082015
4,20,1001.9150822545027,960.7055236082015
4,20,1021.2335987802841,955.5291427061511
4,20,1041.233598780284,955.5291427061511
4,20,1060.5521153060654,950.3527618041007
4,20,1080.5521153060654,950.3527618041007
4,20,1099.8706318318468,945.1763809020504
4,20,1119.8706318318468,945.1763809020504
4,8,850.0,920.0
4,8,871.0,920.0
4,8,893.0,920.0
4,8,916.0,920.0
4,8,940.0,920.0
4,8,965.0,920.0
4,8,991.0,920.0
4,8,1018.0,920.0
4,8,1044.0799973098049,913.011885782232
4,8,1071.1259204458988,905.7649525193614
4,8,1099.1377694082819,898.2592002113882
4,8,1128.115544196954,890.4946288583126
4,8,1158.059244811915,882.4712384601345
4,8,1188.9688712531652,874.1890290168539
4,8,1220.8444235207044,865.6480005284707
4,8,1253.6859016145327,856.848152994985
4,8,1287.49330553465,847.7894864163967
4,8,1322.2666352810566,838.4720007927059
4,8,1358.2666352810566,838.4720007927059
4,12,850.0,920.0
4,12,871.0,920.0
4,12,893.0,920.0
4,12,916.0,920.0
4,12,940.0,920.0
4,12,965.0,920.0
4,12,991.0,920.0
4,12,1018.0,920.0
4,12,1044.0799973098049,913.011885782232
4,12,1071.1259204458988,905.7649525193614
4,12,1099.1377694082819,898.2592002113882
4,12,1128.115544196954,890.4946288583126
4,12,1158.059244811915,882.4712384601345
4,12,1188.9688712531652,874.1890290168539
4,12,1220.8444235207044,865.6480005284707
4,12,1249.4232618455908,849.1480005284707
4,12,1281.29881411313,840.6069720400875
4,12,1314.29881411313,840.6069720400875
4,12,1346.1743663806692,849.1480005284707
4,12,1374.7532047055556,865.6480005284707
4,27,850.0,920.0
4,27,866.0,920.0
4,27,878.0,920.0
4,27,890.0,920.0
4,27,902.0,920.0
4,27,914.0,920.0
4,27,926.0,920.0
4,27,938.0,920.0
4,27,950.0,920.0
4,27,962.0,920.0
4,27,974.0,920.0
4,27,986.0,920.0
4,27,998.0,920.0
4,27,1010.0,920.0
4,27,1022.0,920.0
4,27,1034.0,920.0
4,27,1046.0,920.0
4,27,1058.0,920.0
4,27,1070.0,920.0
4,27,1082.0,920.0
4,27,1094.0,920.0
4,27,1106.0,920.0
4,27,1117.591109915469,923.1058285412303
4,27,1127.9834147608822,929.1058285412303
4,11,850.0,920.0
4,11,866.0,920.0
4,11,878.0,920.0
4,11,890.0,920.0
4,11,902.0,920.0
4,11,914.0,920.0
4,11,926.0,920.0
4,11,938.0,920.0
4,11,950.0,920.0
4,11,962.0,920.0
4,11,974.0,920.0
4,11,986.0,920.0
4,11,998.0,920.0
4,11,1010.0,920.0
4,11,1022.0,920.0
4,11,1034.0,920.0
4,11,1046.0,920.0
4,11,1058.0,920.0
4,11,1070.0,920.0
4,11,1082.0,920.0
4,11,1094.0,920.0
4,11,1106.0,920.0
4,11,1118.0,920.0
4,11,1130.0,920.0
4,11,1142.0,920.0
4,14,850.0,920.0
4,14,866.0,920.0
4,14,878.0,920.0
4,14,890.0,920.0
4,14,902.0,920.0
4,14,914.0,920.0
4,14,926.0,920.0
4,14,938.0,920.0
4,14,950.0,920.0
4,14,962.0,920.0
4,14,974.0,920.0
4,14,986.0,920.0
4,14,998.0,920.0
4,14,1010.0,920.0
4,14,1023.0,920.0
4,14,1037.0,920.0
4,14,1052.0,920.0
4,14,1068.0,920.0
4,14,1085.0,920.0
4,14,1101.4207390469142,915.6000762332571
4,14,1113.9777747886721,912.2354286469243
4,14,1126.5348105304301,908.8707810605915
4,14,1139.0918462721881,905.5061334742587
4,14,1151.6488820139461,902.1414858879259
4,14,1164.2059177557041,898.7768383015931
4,6,850.0,920.0
4,6,866.0,920.0
4,6,878.0,920.0
4,6,890.0,920.0
4,6,902.0,920.0
4,6,914.0,920.0
4,6,926.0,920.0
4,6,938.0,920.0
4,6,950.0,920.0
4,6,962.0,920.0
4,6,974.0,920.0
4,6,986.0,920.0
4,6,998.0,920.0
4,6,1010.0,920.0
4,6,1022.0,920.0
4,6,1034.0,920.0
4,6,1046.0,920.0
4,6,1058.0,920.0
4,6,1070.0,920.0
4,6,1082.0,920.0
4,6,1094.0,920.0
4,6,1106.0,920.0
4,6,1118.0,920.0
4,6,1129.591109915469,916.8941714587697
4,6,1141.1822198309378,913.7883429175395
4,6,1152.7733297464067,910.6825143763092
4,3,850.0,920.0
4,3,866.0,920.0
4,3,878.0,920.0
4,3,890.0,920.0
4,3,902.0,920.0
4,3,914.0,920.0
4,3,926.0,920.0
4,3,938.0,920.0
4,3,950.0,920.0
4,3,962.0,920.0
4,3,974.0,920.0
4,3,986.0,920.0
4,3,998.0,920.0
4,3,1010.0,920.0
4,3,1021.5911099154688,916.8941714587697
4,3,1033.1822198309376,913.7883429175395
4,3,1044.7733297464065,910.6825143763092
4,3,1056.3644396618754,907.5766858350789
4,3,1066.7567445072887,901.5766858350789
4,3,1077.149049352702,895.5766858350789
4,3,1087.5413541981152,889.5766858350789
4,3,1097.9336590435285,883.5766858350789
4,3,1106.418940417767,875.0914044608404
4,3,1112.418940417767,864.6990996154271
4,3,1115.5247689589974,853.1079896999584
4,3,1115.5247689589974,841.1079896999584
4,3,1112.418940417767,829.5168797844896
4,4,849.3185165257813,925.1763809020504
4,4,866.63902460147,935.1763809020504
4,4,885.9575411272514,940.3527618041007
4,4,905.9575411272514,940.3527618041007
4,4,925.2760576530327,945.5291427061511
4,4,945.2760576530327,945.5291427061511
4,4,964.594574178814,950.7055236082015
4,4,984.594574178814,950.7055236082015
4,4,1003.9130907045953,945.5291427061511
4,4,1023.9130907045953,945.5291427061511
4,4,1043.2316072303768,940.3527618041007
4,4,1060.5521153060656,930.3527618041007
4,4,1079.870631831847,925.1763809020504
4,4,1097.191139907536,915.1763809020504
4,4,1116.5096564333173,910.0
4,4,1133.8301645090062,900.0
4,4,1153.1486810347876,894.8236190979496
4,4,1170.4691891104765,884.8236190979496
4,4,1189.787705636258,879.6472381958993
4,4,1207.1082137119467,869.6472381958993
4,4,1221.2503493356776,855.5051025721683
4,4,1238.5708574113664,845.5051025721683
4,4,1252.7129930350973,831.3629669484374
4,4,1270.0335011107861,821.3629669484374
4,4,1289.3520176365676,816.186586046387
4,4,1309.3520176365676,816.186586046387
4,4,1328.670534162349,821.3629669484374
4,4,1344.125347382974,825.5040716700777
4,1,849.3185165257813,914.8236190979496
4,1,869.6029588778517,909.3884191507967
4,1,890.8533270562112,903.6944001585413
4,1,913.0696210608598,897.7415621211833
4,1,936.2518408917974,891.5299050387227
4,1,960.2518408917974,891.5299050387227
4,1,980.2518408917974,891.5299050387227
4,1,996.2518408917974,891.5299050387227
4,1,1008.2518408917974,891.5299050387227
4,1,1020.2518408917974,891.5299050387227
4,1,1032.2518408917974,891.5299050387227
4,1,1045.2518408917974,891.5299050387227
4,1,1057.8088766335554,894.8945526250556
4,1,1070.8088766335554,894.8945526250556
4,1,1083.3659123753134,898.2592002113884
4,1,1096.3659123753134,898.2592002113884
4,1,1108.9229481170714,894.8945526250556
4,1,1122.4459096851183,891.2710859936203
4,1,1136.9347970794543,887.3888003170825
4,1,1152.3896103000793,883.2476955954422
4,1,1168.8103493469935,878.8477718286994
4,1,1186.1970142201967,874.189029016854
4,1,1204.549604919689,869.271467159906
4,1,1223.8681214454705,864.0950862578557
4,1,1243.8681214454705,864.0950862578557
4,1,1263.186637971252,869.271467159906
4,1,1283.4710803233224,874.7066671070589
4,1,1301.6576138027956,885.2066671070589
4,1,1320.7101726860533,896.2066671070589
4,1,1340.6287569730953,907.7066671070589
4,1,1361.4133666639218,919.7066671070589
4,1,1383.0640017585329,932.2066671070589
4,1,1405.5806622569282,945.2066671070589
4,1,1423.9654385677784,963.5914434179092
4,1,1436.9654385677784,986.1081039163046
4,1,1455.3502148786285,1004.4928802271548
4,1,1477.866875377024,1017.4928802271548
4,1,1502.9809468605397,1024.2221753998203
4,5,850.0,920.0
4,5,866.0,920.0
4,5,883.0,920.0
4,5,901.0,920.0
4,5,915.0,920.0
4,5,925.0,920.0
4,5,935.0,920.0
4,5,945.0,920.0
4,5,955.0,920.0
4,5,965.0,920.0
4,5,975.0,920.0
4,5,985.0,920.0
4,5,995.0,920.0
4,5,1005.0,920.0
4,5,1014.6592582628907,917.4118095489748
4,5,1025.2844423520705,914.5648000528471
4,5,1036.8755522675394,911.4589715116168
4,5,1049.4325880092974,908.094323925284
4,5,1061.9896237510554,904.7296763389512
4,5,1073.2479540002532,898.2296763389512
4,5,1084.506284249451,891.7296763389512
4,5,1095.7646144986488,885.2296763389512
4,5,1104.957002654074,876.0372881835261
4,5,1116.2153329032717,869.5372881835261
4,5,1125.4077210586968,860.344900028101
4,5,1136.6660513078946,853.844900028101
4,5,1149.2230870496526,850.4802524417682
4,5,1160.4814172988504,843.9802524417682
4,5,1173.0384530406084,840.6156048554354
4,5,1184.2967832898062,834.1156048554354
4,5,1193.4891714452312,824.9232167000104
4,5,1199.9891714452312,813.6648864508127
4,5,1203.353819031564,801.1078507090548
4,5,1203.353819031564,788.1078507090548
4,5,1199.9891714452312,775.5508149672969
4,5,1193.4891714452312,764.2924847180992
4,5,1184.2967832898062,755.1000965626741
4,5,1173.0384530406084,748.6000965626741
4,18,850.0,920.0
4,18,866.0,920.0
4,18,878.0,920.0
4,18,890.0,920.0
4,18,902.0,920.0
4,18,914.0,920.0
4,18,926.0,920.0
4,18,938.0,920.0
4,18,950.0,920.0
4,18,962.0,920.0
4,18,974.0,920.0
4,18,986.0,920.0
4,18,998.0,920.0
4,18,1010.0,920.0
4,18,1023.0,920.0
4,18,1037.0,920.0
4,18,1052.0,920.0
4,18,1066.488887394336,916.1177143234622
4,18,1081.943700614961,911.9766096018219
4,18,1098.3644396618752,907.576685835079
4,18,1115.7511045350784,902.9179430232336
4,18,1134.1036952345708,898.0003811662857
4,18,1153.4222117603522,892.8240002642353
4,18,1173.7066541124227,887.3888003170824
4,18,1194.957022290782,881.694781324827
4,18,1214.0095811740398,870.694781324827
4,18,1229.5980384421596,861.694781324827
4,18,1246.9847033153628,857.0360385129816
4,18,1264.9847033153628,857.0360385129816
4,18,1278.9847033153628,857.0360385129816
4,18,1288.9847033153628,857.0360385129816
4,18,1298.9847033153628,857.0360385129816
4,18,1308.9847033153628,857.0360385129816
4,18,1318.9847033153628,857.0360385129816
4,18,1328.9847033153628,857.0360385129816
4,18,1338.9847033153628,857.0360385129816
4,18,1348.9847033153628,857.0360385129816
4,18,1358.9847033153628,857.0360385129816
4,9,850.0,920.0
4,9,866.0,920.0
4,9,878.0,920.0
4,9,890.0,920.0
4,9,902.0,920.0
4,9,914.0,920.0
4,9,926.0,920.0
4,9,938.0,920.0
4,9,950.0,920.0
4,9,962.0,920.0
4,9,974.0,920.0
4,9,986.0,920.0
4,9,998.0,920.0
4,9,1010.0,920.0
4,9,1021.5911099154688,916.8941714587697
4,9,1033.1822198309376,913.7883429175395
4,9,1044.7733297464065,910.6825143763092
4,9,1056.3644396618754,907.5766858350789
4,9,1067.9555495773443,904.4708572938487
4,9,1079.5466594928132,901.3650287526184
4,9,1091.137769408282,898.2592002113881
4,9,1102.728879323751,895.1533716701579
4,9,1114.31998923922,892.0475431289276
4,9,1125.9110991546888,888.9417145876973
4,9,1137.5022090701577,885.8358860464671
4,9,1149.0933189856266,882.7300575052368
4,9,1160.6844289010955,879.6242289640065
4,9,1172.2755388165644,876.5184004227763
4,9,1183.8666487320334,873.412571881546
4,9,1195.4577586475023,870.3067433403157
4,9,1205.8500634929155,864.3067433403157
4,9,1214.3353448671542,855.8214619660772
4,9,1220.3353448671542,845.429157120664
4,9,1223.4411734083844,833.8380472051952
4,9,1226.5470019496147,822.2469372897264
4,9,1229.652830490845,810.6558273742576
4,9,1232.7586590320752,799.0647174587888
4,9,1235.8644875733055,787.47360754332
4,9,1238.9703161145358,775.8824976278512
4,9,1242.076144655766,764.2913877123824
4,9,1245.1819731969963,752.7002777969136
4,9,1248.2878017382266,741.1091678814448
4,2,850.0,920.0
4,2,866.0,920.0
4,2,878.0,920.0
4,2,890.0,920.0
4,2,902.0,920.0
4,2,914.0,920.0
4,2,926.0,920.0
4,2,938.0,920.0
4,2,950.0,920.0
4,2,962.0,920.0
4,2,974.0,920.0
4,2,986.0,920.0
4,2,998.0,920.0
4,2,1010.0,920.0
4,2,1021.5911099154688,916.8941714587697
4,2,1033.1822198309376,913.7883429175395
4,2,1044.7733297464065,910.6825143763092
4,2,1056.3644396618754,907.5766858350789
4,2,1067.9555495773443,904.4708572938487
4,2,1079.5466594928132,901.3650287526184
4,2,1091.137769408282,898.2592002113881
4,2,1102.728879323751,895.1533716701579
4,2,1114.31998923922,892.0475431289276
4,2,1125.9110991546888,888.9417145876973
4,2,1137.5022090701577,885.8358860464671
4,2,1149.0933189856266,882.7300575052368
4,2,1160.6844289010955,879.6242289640065
4,2,1172.2755388165644,876.5184004227763
4,2,1183.8666487320334,873.412571881546
4,2,1195.4577586475023,870.3067433403157
4,2,1205.8500634929155,864.3067433403157
4,2,1214.3353448671542,855.8214619660772
4,2,1220.3353448671542,845.429157120664
4,2,1223.4411734083844,833.8380472051952
4,2,1223.4411734083844,821.8380472051952
4,2,1220.3353448671542,810.2469372897264
4,2,1214.3353448671542,799.8546324443131
4,2,1205.8500634929155,791.3693510700746
4,2,1195.4577586475023,785.3693510700746
4,2,1185.065453802089,779.3693510700746
4,2,1174.6731489566757,773.3693510700746
4,2,1164.2808441112625,767.3693510700746
4,2,1153.8885392658492,761.3693510700746
4,22,850.0,920.0
4,22,866.0,920.0
4,22,878.0,920.0
4,22,890.0,920.0
4,22,902.0,920.0
4,22,914.0,920.0
4,22,926.0,920.0
4,22,938.0,920.0
4,22,950.0,920.0
4,22,962.0,920.0
4,22,974.0,920.0
4,22,986.0,920.0
4,22,998.0,920.0
4,22,1010.0,920.0
4,22,1021.5911099154688,916.8941714587697
4,22,1033.1822198309376,913.7883429175395
4,22,1044.7733297464065,910.6825143763092
4,22,1056.3644396618754,907.5766858350789
4,22,1067.9555495773443,904.4708572938487
4,22,1079.5466594928132,901.3650287526184
4,22,1091.137769408282,898.2592002113881
4,22,1102.728879323751,895.1533716701579
4,22,1114.31998923922,892.0475431289276
4,22,1125.9110991546888,888.9417145876973
4,22,1137.5022090701577,885.8358860464671
4,22,1149.0933189856266,882.7300575052368
4,22,1160.6844289010955,879.6242289640065
4,22,1172.2755388165644,876.5184004227763
4,22,1183.8666487320334,873.412571881546
4,22,1195.4577586475023,870.3067433403157
4,22,1207.0488685629712,867.2009147990855
4,22,1218.63997847844,864.0950862578552
4,22,1230.231088393909,860.9892577166249
4,22,1241.8221983093779,857.8834291753947
4,22,1253.4133082248468,854.7776006341644
4,22,1265.0044181403157,851.6717720929341
4,22,1276.5955280557846,848.5659435517039
4,22,1288.1866379712535,845.4601150104736
4,22,1299.7777478867224,842.3542864692433
4,22,1311.3688578021913,839.2484579280131
4,22,1322.9599677176602,836.1426293867828
4,22,1334.5510776331291,833.0368008455525
4,22,1346.142187548598,829.9309723043223
4,24,850.0,920.0
4,24,866.0,920.0
4,24,878.0,920.0
4,24,890.0,920.0
4,24,902.0,920.0
4,24,914.0,920.0
4,24,926.0,920.0
4,24,938.0,920.0
4,24,950.0,920.0
4,24,962.0,920.0
4,24,974.0,920.0
4,24,986.0,920.0
4,24,998.0,920.0
4,24,1010.0,920.0
4,24,1021.5911099154688,916.8941714587697
4,24,1033.1822198309376,913.7883429175395
4,24,1044.7733297464065,910.6825143763092
4,24,1056.3644396618754,907.5766858350789
4,24,1067.9555495773443,904.4708572938487
4,24,1079.5466594928132,901.3650287526184
4,24,1091.137769408282,898.2592002113881
4,24,1102.728879323751,895.1533716701579
4,24,1114.31998923922,892.0475431289276
4,24,1125.9110991546888,888.9417145876973
4,24,1137.5022090701577,885.8358860464671
4,24,1149.0933189856266,882.7300575052368
4,24,1160.6844289010955,879.6242289640065
4,24,1172.2755388165644,876.5184004227763
4,24,1183.8666487320334,873.412571881546
4,24,1195.4577586475023,870.3067433403157
4,24,1207.0488685629712,867.2009147990855
4,24,1218.63997847844,864.0950862578552
4,24,1230.231088393909,860.9892577166249
4,24,1241.8221983093779,857.8834291753947
4,24,1253.4133082248468,854.7776006341644
4,24,1265.0044181403157,851.6717720929341
4,24,1276.5955280557846,848.5659435517039
4,24,1288.1866379712535,845.4601150104736
4,24,1299.7777478867224,842.3542864692433
4,24,1311.3688578021913,839.2484579280131
4,24,1322.9599677176602,836.1426293867828
4,24,1334.5510776331291,833.0368008455525
4,24,1346.142187548598,829.9309723043223
4,29,850.0,920.0
4,29,866.0,920.0
4,29,878.0,920.0
4,29,890.0,920.0
4,29,902.0,920.0
4,29,914.0,920.0
4,29,926.0,920.0
4,29,938.0,920.0
4,29,950.0,920.0
4,29,962.0,920.0
4,29,974.0,920.0
4,29,986.0,920.0
4,29,998.0,920.0
4,29,1010.0,920.0
4,29,1021.5911099154688,916.8941714587697
4,29,1033.1822198309376,913.7883429175395
4,29,1044.7733297464065,910.6825143763092
4,29,1056.3644396618754,907.5766858350789
4,29,1067.9555495773443,904.4708572938487
4,29,1079.5466594928132,901.3650287526184
4,29,1091.137769408282,898.2592002113881
4,29,1102.728879323751,895.1533716701579
4,29,1114.31998923922,892.0475431289276
4,29,1125.9110991546888,888.9417145876973
4,29,1137.5022090701577,885.8358860464671
4,29,1149.0933189856266,882.7300575052368
4,29,1160.6844289010955,879.6242289640065
4,29,1172.2755388165644,876.5184004227763
4,29,1183.8666487320334,873.412571881546
4,29,1195.4577586475023,870.3067433403157
4,29,1207.0488685629712,867.2009147990855
4,29,1218.63997847844,864.0950862578552
4,29,1230.231088393909,860.9892577166249
4,29,1241.8221983093779,857.8834291753947
4,29,1253.4133082248468,854.7776006341644
4,29,1265.0044181403157,851.6717720929341
4,29,1276.5955280557846,848.5659435517039
4,29,1288.1866379712535,845.4601150104736
4,29,1299.7777478867224,842.3542864692433
4,29,1311.3688578021913,839.2484579280131
4,29,1322.9599677176602,836.1426293867828
4,29,1334.5510776331291,833.0368008455525
4,29,1346.5510776331291,833.0368008455525
4,0,850.0,920.0
4,0,869.3185165257813,925.1763809020504
4,0,884.7733297464064,929.3174856236907
4,0,896.3644396618752,932.423314164921
4,0,908.3644396618752,932.423314164921
4,0,920.3644396618752,932.423314164921
4,0,932.3644396618752,932.423314164921
4,0,944.3644396618752,932.423314164921
4,0,956.3644396618752,932.423314164921
4,0,968.3644396618752,932.423314164921
4,0,980.3644396618752,932.423314164921
4,0,992.3644396618752,932.423314164921
4,0,1004.3644396618752,932.423314164921
4,0,1015.955549577344,929.3174856236907
4,0,1027.5466594928128,926.2116570824604
4,0,1039.1377694082817,923.1058285412302
4,0,1050.7288793237506,919.9999999999999
4,0,1062.3199892392195,916.8941714587696
4,0,1073.9110991546884,913.7883429175394
4,0,1085.5022090701573,910.6825143763091
4,0,1097.0933189856262,907.5766858350788
4,0,1108.684428901095,904.4708572938486
4,0,1120.275538816564,901.3650287526183
4,0,1131.866648732033,898.259200211388
4,0,1143.4577586475018,895.1533716701578
4,0,1155.0488685629707,892.0475431289275
4,0,1166.6399784784396,888.9417145876972
4,0,1178.2310883939085,885.835886046467
4,0,1189.8221983093774,882.7300575052367
4,0,1201.4133082248463,879.6242289640064
4,0,1213.0044181403152,876.5184004227762
4,0,1224.5955280557841,873.4125718815459
4,0,1236.186637971253,870.3067433403156
4,0,1246.5789428166663,864.3067433403156
4,0,1255.064224190905,855.8214619660771
4,0,1261.064224190905,845.4291571206638
4,0,1264.1700527321352,833.838047205195
4,0,1264.1700527321352,821.838047205195
4,0,1261.064224190905,810.2469372897262
4,0,1255.064224190905,799.854632444313
4,0,1249.064224190905,789.4623275988997
4,0,1243.064224190905,779.0700227534865
4,0,1237.064224190905,768.6777179080732
4,0,1231.064224190905,758.2854130626599
4,0,1222.5789428166663,749.8001316884214
4,0,1214.0936614424277,741.3148503141829
4,17,850.0,920.0
4,17,869.3185165257813,925.1763809020504
4,17,889.6029588778517,930.6115808492033
4,17,910.8533270562112,936.3055998414587
4,17,933.0696210608598,942.2584378788167
4,17,956.0696210608598,942.2584378788167
4,17,980.0696210608598,942.2584378788167
4,17,1005.0696210608598,942.2584378788167
4,17,1029.2177667180865,935.7879617512538
4,17,1054.3318382016023,929.0586665785883
4,17,1076.8484986999977,916.0586665785883
4,17,1100.2311846021776,902.5586665785883
4,17,1126.3111819119824,895.5705523608202
4,17,1153.3571050480764,888.3236190979496
4,17,1181.3689540104594,880.8178667899765
4,17,1206.4836907202082,866.3178667899765
4,17,1234.4955396825912,858.8121144820034
4,17,1263.4955396825912,858.8121144820034
4,17,1291.5073886449743,866.3178667899765
4,17,1316.622125354723,880.8178667899765
4,17,1337.128222009133,901.3239634443864
4,17,1351.628222009133,926.4387001541352
4,17,1372.134318663543,946.9447968085451
4,17,1397.2490553732916,961.4447968085451
4,17,1425.2609043356747,968.9505491165182
4,17,1454.2609043356747,968.9505491165182
4,17,1482.2727532980578,961.4447968085451
4,17,1511.2727532980578,961.4447968085451
4,17,1539.2846022604408,953.939044500572
4,17,1564.3993389701895,939.439044500572
4,17,1584.9054356245995,918.932947846162
4,17,1599.4054356245995,893.8182111364133
4,17,1614.4054356245995,867.8374490228802
4,17,1622.170006977675,838.8596742342081
4,17,1630.1933973758532,808.915973619247
4,17,1638.4756068191339,778.0063471779968
4,17,1647.016635307517,746.1307949104576
4,17,1647.016635307517,713.1307949104576
4,17,1647.016635307517,679.1307949104576
4,17,1647.016635307517,644.1307949104576
4,17,1637.9579687289288,610.3233909903402
4,17,1628.640483105238,575.5500612439337
4,17,1610.640483105238,544.3731467076939
4,17,1585.1846389825223,518.9173025849782
4,17,1559.02168807862,492.75435168107595
4,17,1526.9787481385956,474.25435168107595
4,17,1494.069782794787,455.25435168107595
4,17,1457.3646013958023,445.4192279671802
4,17,1419.6934941705285,435.32528520818187
4,17,1380.6934941705285,435.32528520818187
4,17,1340.6934941705285,435.32528520818187
4,17,1299.6934941705285,435.32528520818187
4,17,1257.6934941705285,435.32528520818187
4,17,1217.1246094663877,424.454885313876
4,17,1175.5897989359578,413.3256663744676
4,17,1133.0890625792388,401.93762838995667
4,17,1089.6224003962307,390.29077136034323
4,17,1045.1898123869335,378.38509528562724
4,25,850.0,920.0
4,25,866.0,920.0
4,25,878.0,920.0
4,25,890.0,920.0
4,25,902.0,920.0
4,25,914.0,920.0
4,25,926.0,920.0
4,25,938.0,920.0
4,25,950.0,920.0
4,25,962.0,920.0
4,25,974.0,920.0
4,25,986.0,920.0
4,25,998.0,920.0
4,25,1010.0,920.0
4,25,1021.5911099154688,916.8941714587697
4,25,1033.1822198309376,913.7883429175395
4,25,1044.7733297464065,910.6825143763092
4,25,1056.3644396618754,907.5766858350789
4,25,1067.9555495773443,904.4708572938487
4,25,1079.5466594928132,901.3650287526184
4,25,1091.137769408282,898.2592002113881
4,25,1102.728879323751,895.1533716701579
4,25,1114.31998923922,892.0475431289276
4,25,1124.7122940846332,886.0475431289276
4,25,1135.1045989300464,880.0475431289276
4,25,1145.4969037754597,874.0475431289276
4,25,1155.889208620873,868.0475431289276
4,25,1166.2815134662862,862.0475431289276
4,25,1176.6738183116995,856.0475431289276
4,25,1187.0661231571128,850.0475431289276
4,25,1197.458428002526,844.0475431289276
4,25,1207.8507328479393,838.0475431289276
4,25,1216.336014222178,829.5622617546891
4,25,1222.336014222178,819.1699569092758
4,25,1225.4418427634082,807.578846993807
4,25,1225.4418427634082,795.578846993807
4,25,1222.336014222178,783.9877370783382
4,25,1216.336014222178,773.595432232925
4,25,1207.8507328479393,765.1101508586864
4,25,1197.458428002526,759.1101508586864
4,25,1185.8673180870571,756.0043223174562
4,25,1173.8673180870571,756.0043223174562
4,25,1162.2762081715882,759.1101508586864
4,25,1151.883903326175,765.1101508586864
4,25,1143.3986219519363,773.595432232925
4,25,1137.3986219519363,783.9877370783382
4,25,1134.292793410706,795.578846993807
4,25,1134.292793410706,807.578846993807
4,25,1134.292793410706,819.578846993807
4,25,1137.3986219519363,831.1699569092758
4,25,1143.3986219519363,841.5622617546891
4,25,1151.883903326175,850.0475431289276
4,25,1162.2762081715882,856.0475431289276
4,25,1173.8673180870571,859.1533716701579
4,25,1185.8673180870571,859.1533716701579
4,25,1197.458428002526,856.0475431289276
4,25,1209.049537917995,852.9417145876973
4,25,1220.6406478334638,849.8358860464671
4,25,1232.2317577489328,846.7300575052368
4,25,1243.8228676644017,843.6242289640065
4,25,1255.4139775798706,840.5184004227763
4,25,1267.0050874953395,837.412571881546
4,25,1278.5961974108084,834.3067433403157
4,25,1290.1873073262773,831.2009147990855
4,25,1300.5796121716905,825.2009147990855
4,25,1309.0648935459292,816.7156334248469
4,25,1315.0648935459292,806.3233285794337
4,25,1318.1707220871594,794.7322186639649
4,21,850.0,920.0
4,21,866.0,920.0
4,21,878.0,920.0
4,21,890.0,920.0
4,21,902.0,920.0
4,21,914.0,920.0
4,21,926.0,920.0
4,21,938.0,920.0
4,21,950.0,920.0
4,21,962.0,920.0
4,21,974.0,920.0
4,21,986.0,920.0
4,21,998.0,920.0
4,21,1010.0,920.0
4,21,1021.5911099154688,916.8941714587697
4,21,1033.1822198309376,913.7883429175395
4,21,1044.7733297464065,910.6825143763092
4,21,1056.3644396618754,907.5766858350789
4,21,1067.9555495773443,904.4708572938487
4,21,1079.5466594928132,901.3650287526184
4,21,1091.137769408282,898.2592002113881
4,21,1102.728879323751,895.1533716701579
4,21,1114.31998923922,892.0475431289276
4,21,1125.9110991546888,888.9417145876973
4,21,1137.5022090701577,885.8358860464671
4,21,1149.0933189856266,882.7300575052368
4,21,1160.6844289010955,879.6242289640065
4,21,1172.2755388165644,876.5184004227763
4,21,1183.8666487320334,873.412571881546
4,21,1195.4577586475023,870.3067433403157
4,21,1207.4577586475023,870.3067433403157
4,21,1219.4577586475023,870.3067433403157
4,21,1231.4577586475023,870.3067433403157
4,21,1243.0488685629712,873.412571881546
4,21,1253.4411734083844,879.412571881546
4,21,1263.8334782537977,885.412571881546
4,21,1274.225783099211,891.412571881546
4,21,1284.6180879446242,897.412571881546
4,21,1295.0103927900375,903.412571881546
4,21,1303.4956741642761,911.8978532557845
4,21,1311.9809555385148,920.383134630023
4,21,1322.373260383928,926.383134630023
4,21,1332.7655652293413,932.383134630023
4,21,1343.1578700747546,938.383134630023
4,21,1353.5501749201678,944.383134630023
4,21,1363.942479765581,950.383134630023
4,21,1375.53358968105,953.4889631712533
4,21,1387.124699596519,956.5947917124836
4,21,1398.7158095119878,959.7006202537139
4,21,1410.7158095119878,959.7006202537139
4,21,1422.7158095119878,959.7006202537139
4,21,1434.7158095119878,959.7006202537139
4,21,1446.3069194274567,956.5947917124836
4,21,1458.3069194274567,956.5947917124836
4,21,1469.8980293429256,953.4889631712533
4,21,1480.2903341883389,947.4889631712533
4,21,1491.8814441038078,944.383134630023
4,21,1502.273748949221,938.383134630023
4,21,1513.86485886469,935.2773060887928
4,21,1524.2571637101032,929.2773060887928
4,21,1532.7424450843419,920.7920247145543
4,21,1543.1347499297551,914.7920247145543
4,21,1551.6200313039938,906.3067433403157
4,21,1557.6200313039938,895.9144384949025
4,21,1566.1053126782324,887.429157120664
4,21,1572.1053126782324,877.0368522752507
4,21,1580.590594052471,868.5515709010122
4,21,1586.590594052471,858.1592660555989
4,21,1595.0758754267097,849.6739846813604
4,21,1601.0758754267097,839.2816798359471
4,21,1604.18170396794,827.6905699204783
4,21,1610.18170396794,817.298265075065
4,21,1613.2875325091702,805.7071551595963
4,21,1619.2875325091702,795.314850314183
4,21,1622.3933610504005,783.7237403987142
4,21,1625.4991895916307,772.1326304832454
4,21,1628.605018132861,760.5415205677766
4,21,1631.7108466740913,748.9504106523078
4,21,1634.8166752153215,737.359300736839
4,21,1637.9225037565518,725.7681908213702
4,21,1637.9225037565518,713.7681908213702
4,21,1641.028332297782,702.1770809059014
4,21,1641.028332297782,690.1770809059014
4,21,1641.028332297782,678.1770809059014
4,21,1641.028332297782,666.1770809059014
4,21,1641.028332297782,654.1770809059014
4,21,1637.9225037565518,642.5859709904327
4,21,1637.9225037565518,630.5859709904327
4,21,1634.8166752153215,618.9948610749639
4,21,1631.7108466740913,607.4037511594951
4,21,1628.605018132861,595.8126412440263
4,21,1622.605018132861,585.420336398613
4,21,1619.4991895916307,573.8292264831442
4,21,1613.4991895916307,563.436921637731
4,21,1610.3933610504005,551.8458117222622
4,21,1604.3933610504005,541.4535068768489
4,21,1595.9080796761618,532.9682255026104
4,21,1589.9080796761618,522.5759206571971
4,21,1581.4227983019232,514.0906392829586
4,21,1572.9375169276846,505.60535790872
4,21,1562.5452120822713,499.60535790872
4,21,1554.0599307080327,491.1200765344814
4,21,1543.6676258626194,485.1200765344814
4,21,1535.1823444883807,476.63479516024285
4,21,1524.7900396429675,470.63479516024285
4,21,1513.1989297274986,467.5289666190126
4,21,1502.8066248820853,461.5289666190126
4,21,1491.2155149666164,458.4231380777823
4,21,1480.8232101212031,452.4231380777823
4,21,1469.2321002057342,449.31730953655205
4,21,1457.6409902902653,446.2114809953218
4,21,1446.0498803747964,443.1056524540915
4,21,1434.4587704593275,439.99982391286125
4,21,1422.8676605438586,436.893995371631
4,21,1411.2765506283897,433.7881668304007
4,21,1399.6854407129208,430.68233828917045
4,21,1388.094330797452,427.5765097479402
4,21,1376.503220881983,424.4706812067099
4,21,1364.912110966514,421.36485266547965
4,21,1353.3210010510452,418.2590241242494
4,21,1341.7298911355763,415.1531955830191
4,21,1330.1387812201074,412.04736704178885
4,21,1318.5476713046385,408.9415385005586
4,21,1306.9565613891696,405.8357099593283
4,13,850.0,920.0
4,13,866.0,920.0
4,13,878.0,920.0
4,13,890.0,920.0
4,13,902.0,920.0
4,13,914.0,920.0
4,13,926.0,920.0
4,13,938.0,920.0
4,13,950.0,920.0
4,13,962.0,920.0
4,13,974.0,920.0
4,13,986.0,920.0
4,13,998.0,920.0
4,13,1010.0,920.0
4,13,1021.5911099154688,916.8941714587697
4,13,1033.1822198309376,913.7883429175395
4,13,1044.7733297464065,910.6825143763092
4,13,1056.3644396618754,907.5766858350789
4,13,1068.3644396618754,907.5766858350789
4,13,1079.9555495773443,904.4708572938487
4,13,1090.3478544227576,898.4708572938487
4,13,1101.9389643382265,895.3650287526184
4,13,1112.3312691836397,889.3650287526184
4,13,1123.9223790991086,886.2592002113881
4,13,1134.314683944522,880.2592002113881
4,13,1142.7999653187605,871.7739188371496
4,13,1153.1922701641738,865.7739188371496
4,13,1164.7833800796427,862.6680902959193
4,13,1175.175684925056,856.6680902959193
4,13,1186.7667948405249,853.5622617546891
4,13,1198.7667948405249,853.5622617546891
4,13,1210.3579047559938,856.6680902959193
4,13,1222.3579047559938,856.6680902959193
4,13,1233.9490146714627,859.7739188371496
4,13,1244.341319516876,865.7739188371496
4,13,1252.8266008911146,874.2592002113881
4,13,1263.2189057365279,880.2592002113881
4,13,1271.7041871107665,888.7444815856267
4,13,1282.0964919561798,894.7444815856267
4,13,1290.5817733304184,903.2297629598652
4,13,1300.9740781758317,909.2297629598652
4,13,1309.4593595500703,917.7150443341037
4,13,1319.8516643954836,923.7150443341037
4,13,1330.2439692408968,929.7150443341037
4,13,1340.63627408631,935.7150443341037
4,13,1351.0285789317234,941.7150443341037
4,13,1359.513860305962,950.2003257083422
4,13,1369.9061651513753,956.2003257083422
4,13,1381.4972750668442,959.3061542495725
4,13,1393.088384982313,962.4119827908028
4,13,1405.088384982313,962.4119827908028
4,13,1417.088384982313,962.4119827908028
4,13,1429.088384982313,962.4119827908028
4,13,1440.679494897782,959.3061542495725
4,13,1452.2706048132509,956.2003257083422
4,13,1463.8617147287198,953.094497167112
4,13,1475.4528246441887,949.9886686258817
4,13,1485.845129489602,943.9886686258817
4,13,1496.2374343350152,937.9886686258817
4,13,1506.6297391804285,931.9886686258817
4,13,1518.2208490958974,928.8828400846514
4,13,1528.6131539413107,922.8828400846514
4,13,1537.0984353155493,914.3975587104129
4,13,1547.4907401609626,908.3975587104129
4,13,1555.9760215352012,899.9122773361744
4,13,1561.9760215352012,889.5199724907611
4,13,1567.9760215352012,879.1276676453479
4,13,1576.4613029094398,870.6423862711093
4,13,1582.4613029094398,860.2500814256961
4,13,1590.9465842836785,851.7648000514575
4,13,1596.9465842836785,841.3724952060443
4,13,1600.0524128249087,829.7813852905755
4,13,1606.0524128249087,819.3890804451622
4,13,1609.158241366139,807.7979705296934
4,13,1615.158241366139,797.4056656842802
4,13,1618.2640699073693,785.8145557688114
4,13,1624.2640699073693,775.4222509233981
4,13,1627.3698984485995,763.8311410079293
4,13,1627.3698984485995,751.8311410079293
4,13,1630.4757269898298,740.2400310924605
4,13,1630.4757269898298,728.2400310924605
4,13,1633.58155553106,716.6489211769917
4,13,1633.58155553106,704.6489211769917
4,13,1636.6873840722903,693.0578112615229
4,13,1636.6873840722903,681.0578112615229
4,13,1639.7932126135206,669.4667013460542
4,13,1639.7932126135206,657.4667013460542
4,13,1636.6873840722903,645.8755914305854
4,13,1636.6873840722903,633.8755914305854
4,13,1633.58155553106,622.2844815151166
4,13,1633.58155553106,610.2844815151166
4,13,1630.4757269898298,598.6933715996478
4,13,1624.4757269898298,588.3010667542345
4,13,1621.3698984485995,576.7099568387657
4,13,1615.3698984485995,566.3176519933525
4,13,1612.2640699073693,554.7265420778837
4,13,1606.2640699073693,544.3342372324704
4,13,1597.7787885331306,535.8489558582319
4,13,1589.293507158892,527.3636744839933
4,13,1583.293507158892,516.9713696385801
4,13,1574.8082257846534,508.4860882643415
4,13,1564.41592093924,502.4860882643415
4,13,1554.0236160938268,496.4860882643415
4,13,1545.5383347195882,488.0008068901029
4,13,1535.146029874175,482.0008068901029
4,13,1526.6607484999363,473.51552551586434
4,13,1516.268443654523,467.51552551586434
4,13,1504.6773337390541,464.4096969746341
4,13,1494.2850288936409,458.4096969746341
4,13,1482.693918978172,455.3038684334038
4,13,1472.3016141327587,449.3038684334038
4,13,1460.7105042172898,446.19803989217354
4,13,1450.3181993718765,440.19803989217354
4,13,1438.7270894564076,437.0922113509433
4,13,1426.7270894564076,437.0922113509433
4,13,1415.1359795409387,433.986382809713
4,13,1403.1359795409387,433.986382809713
4,13,1391.5448696254698,437.0922113509433
4,13,1379.5448696254698,437.0922113509433
4,13,1367.953759710001,440.19803989217354
4,13,1355.953759710001,440.19803989217354
4,13,1344.362649794532,443.3038684334038
4,13,1332.362649794532,443.3038684334038
4,13,1320.771539879063,446.4096969746341
4,13,1308.771539879063,446.4096969746341
4,13,1297.1804299635942,449.51552551586434
4,13,1285.1804299635942,449.51552551586434
4,13,1273.5893200481253,452.6213540570946
4,13,1261.5893200481253,452.6213540570946
4,13,1249.9982101326564,455.7271825983249
4,13,1237.9982101326564,455.7271825983249
4,13,1226.4071002171875,452.6213540570946
4,13,1214.4071002171875,452.6213540570946
4,13,1202.8159903017186,449.51552551586434
4,13,1192.4236854563053,443.51552551586434
4,13,1183.9384040820667,435.03024414162576
4,13,1177.9384040820667,424.6379392962125
4,13,1174.8325755408364,413.0468293807437
4,13,1174.8325755408364,401.0468293807437
4,13,1177.9384040820667,389.4557194652749
4,13,1183.9384040820667,379.06341461986165
4,13,1187.044232623297,367.47230470439285
4,13,1187.044232623297,355.47230470439285
4,13,1190.1500611645272,343.88119478892406
4,13,1190.1500611645272,331.88119478892406
4,13,1193.2558897057575,320.29008487345527
4,13,1193.2558897057575,308.29008487345527
4,13,1190.1500611645272,296.6989749579865
4,13,1190.1500611645272,284.6989749579865
4,13,1187.044232623297,273.1078650425177
4,13,1181.044232623297,262.7155601971044
4,13,1177.9384040820667,251.1244502816356
4,13,1171.9384040820667,240.73214543622234
4,13,1163.453122707828,232.24686406198376
4,13,1154.9678413335894,223.76158268774518
4,13,1146.4825599593507,215.2763013135066
4,13,1140.4825599593507,204.88399646809333
4,13,1131.997278585112,196.39871509385475
4,13,1125.997278585112,186.00641024844148
4,13,1117.5119972108735,177.5211288742029
4,13,1107.1196923654602,171.5211288742029
4,13,1098.6344109912216,163.03584749996432
4,13,1088.2421061458083,157.03584749996432
4,13,1079.7568247715697,148.55056612572574
4,13,1069.3645199261564,142.55056612572574
4,13,1057.7734100106875,139.4447375844955
4,13,1047.3811051652742,133.4447375844955
4,13,1035.7899952498053,130.33890904326526
4,13,1025.397690404392,124.33890904326526
4,13,1013.8065804889233,121.23308050203501
4,13,1001.8065804889233,121.23308050203501
4,13,990.2154705734545,118.12725196080476
4,13,978.2154705734545,118.12725196080476
4,13,966.6243606579857,115.0214234195745
4,13,954.6243606579857,115.0214234195745
4,13,943.0332507425169,111.91559487834425
4,13,931.0332507425169,111.91559487834425
4,13,919.4421408270481,108.809766337114
4,13,907.4421408270481,108.809766337114
4,13,895.8510309115793,105.70393779588375
4,13,883.8510309115793,105.70393779588375
4,13,872.2599209961105,102.5981092546535
4,13,860.2599209961105,102.5981092546535
4,13,848.6688110806417,99.49228071342324
4,13,836.6688110806417,99.49228071342324
4,13,825.0777011651729,96.38645217219299
4,13,813.0777011651729,96.38645217219299
4,13,801.4865912497041,93.28062363096274
4,13,789.4865912497041,93.28062363096274
4,13,777.8954813342353,90.17479508973248
4,13,765.8954813342353,90.17479508973248
4,13,754.3043714187666,93.28062363096274
4,13,742.3043714187666,93.28062363096274
4,13,730.7132615032978,90.17479508973248
4,13,718.7132615032978,90.17479508973248
4,13,707.122151587829,93.28062363096274
4,13,695.122151587829,93.28062363096274
4,13,683.5310416723602,90.17479508973248
4,13,671.5310416723602,90.17479508973248
4,13,659.9399317568914,87.06896654850223
4,13,647.9399317568914,87.06896654850223
4,13,636.3488218414226,83.96313800727198
4,13,624.3488218414226,83.96313800727198
4,13,612.7577119259538,80.85730946604173
4,13,600.7577119259538,80.85730946604173
4,13,589.166602010485,77.75148092481147
4,13,577.166602010485,77.75148092481147
4,13,565.5754920950162,74.64565238358122
4,13,553.5754920950162,74.64565238358122
4,13,541.9843821795474,71.53982384235097
4,13,531.5920773341342,65.53982384235097
4,13,520.0009674186654,62.43399530112072
4,13,508.00096741866537,62.43399530112072
4,13,496.4098575031966,65.53982384235097
4,13,484.4098575031966,65.53982384235097
4,13,472.4098575031966,65.53982384235097
4,13,460.4098575031966,65.53982384235097
4,13,448.4098575031966,65.53982384235097
4,13,436.4098575031966,65.53982384235097
4,13,424.4098575031966,65.53982384235097
4,13,412.4098575031966,65.53982384235097
4,13,400.4098575031966,65.53982384235097
4,13,388.8187475877278,68.64565238358122
4,13,377.227637672259,71.75148092481147
4,13,365.6365277567902,74.85730946604173
4,13,355.24422291137694,80.85730946604173
4,13,344.8519180659637,86.85730946604173
4,13,334.4596132205504,92.85730946604173
4,13,324.06730837513715,98.85730946604173
4,13,315.58202700089856,107.3425908402803
4,13,307.09674562666,115.82787221451886
4,13,298.6114642524214,124.31315358875743
4,13,288.21915940700814,130.31315358875742
4,13,279.73387803276955,138.798434962996
4,13,273.73387803276955,149.19073980840926
4,13,265.24859665853097,157.67602118264784
4,13,259.24859665853097,168.0683260280611
4,13,256.1427681173007,179.65943594352993
4,13,253.03693957607047,191.25054585899875
4,13,247.03693957607047,201.642850704412
4,13,243.93111103484023,213.23396061988083
4,13,243.93111103484023,225.23396061988083
4,13,240.82528249361,236.82507053534965
4,13,240.82528249361,248.82507053534965
4,13,237.71945395237975,260.4161804508185
4,13,237.71945395237975,272.4161804508185
4,13,240.82528249361,284.0072903662873
4,13,240.82528249361,296.0072903662873
4,13,243.93111103484023,307.5984002817561
4,13,249.93111103484023,317.99070512716935
4,13,253.03693957607047,329.58181504263814
4,13,259.0369395760705,339.9741198880514
4,13,262.14276811730076,351.5652298035202
4,13,268.14276811730076,361.95753464893346
4,13,276.62804949153934,370.44281602317204
4,13,282.62804949153934,380.8351208685853
4,13,291.1133308657779,389.3204022428239
4,13,301.5056357111912,395.3204022428239
4,13,311.89794055660445,401.3204022428239
4,13,320.38322193084304,409.80568361706247
4,13,330.7755267762563,415.80568361706247
4,13,342.36663669172515,418.91151215829274
4,13,352.7589415371384,424.91151215829274
4,13,364.3500514526072,428.017340699523
4,13,374.74235629802047,434.017340699523
4,13,386.33346621348926,437.12316924075327
4,13,398.33346621348926,437.12316924075327
4,13,409.92457612895805,440.22899778198354
4,13,421.92457612895805,440.22899778198354
4,13,433.51568604442684,443.3348263232138
4,13,445.51568604442684,443.3348263232138
4,13,457.10679595989563,440.22899778198354
4,13,469.10679595989563,440.22899778198354
4,13,480.6979058753644,437.12316924075327
4,13,492.6979058753644,437.12316924075327
4,13,504.2890157908332,434.017340699523
4,13,516.2890157908332,434.017340699523
4,13,527.880125706302,437.12316924075327
4,13,539.880125706302,437.12316924075327
4,13,551.4712356217708,440.22899778198354
4,13,563.4712356217708,440.22899778198354
4,13,575.0623455372396,443.3348263232138
4,13,585.4546503826529,449.3348263232138
4,13,593.9399317568914,457.8201076974524
4,13,604.3322366023046,463.8201076974524
4,13,615.9233465177734,466.92593623868265
4,13,627.9233465177734,466.92593623868265
4,13,639.5144564332422,470.0317647799129
4,13,649.9067612786555,476.0317647799129
4,13,658.392042652894,484.5170461541515
4,13,664.392042652894,494.90935099956477
4,13,667.4978711941243,506.5004609150336
4,13,670.6036997353546,518.0915708305024
4,13,673.7095282765848,529.6826807459712
4,13,676.8153568178151,541.27379066144
4,13,679.9211853590454,552.8649005769088
4,13,683.0270139002756,564.4560104923776
4,13,686.3916614866084,577.0130462341355
4,13,690.0151281180437,590.5360078021824
4,13,693.8974137945814,605.0248951965185
